-- phpMyAdmin SQL Dump
-- version 5.2.1
-- https://www.phpmyadmin.net/
--
-- Host: localhost:3306
-- Generation Time: Jul 01, 2024 at 03:43 AM
-- Server version: 10.6.18-MariaDB-cll-lve
-- PHP Version: 8.1.26

SET SQL_MODE = "NO_AUTO_VALUE_ON_ZERO";
START TRANSACTION;
SET time_zone = "+00:00";


/*!40101 SET @OLD_CHARACTER_SET_CLIENT=@@CHARACTER_SET_CLIENT */;
/*!40101 SET @OLD_CHARACTER_SET_RESULTS=@@CHARACTER_SET_RESULTS */;
/*!40101 SET @OLD_COLLATION_CONNECTION=@@COLLATION_CONNECTION */;
/*!40101 SET NAMES utf8mb4 */;

--
-- Database: `data_sharing_organizing`
--

-- --------------------------------------------------------

--
-- Table structure for table `admins`
--

CREATE TABLE `admins` (
  `a_id` int(11) NOT NULL,
  `a_email` varchar(100) NOT NULL,
  `a_first_name` varchar(25) NOT NULL,
  `a_last_name` varchar(25) NOT NULL,
  `a_password` varchar(255) NOT NULL,
  `a_verified_code` varchar(6) DEFAULT NULL,
  `a_create_at` datetime NOT NULL DEFAULT current_timestamp(),
  `a_last_login` datetime NOT NULL DEFAULT current_timestamp()
) ENGINE=InnoDB DEFAULT CHARSET=utf8mb3 COLLATE=utf8mb3_general_ci;

--
-- Dumping data for table `admins`
--

INSERT INTO `admins` (`a_id`, `a_email`, `a_first_name`, `a_last_name`, `a_password`, `a_verified_code`, `a_create_at`, `a_last_login`) VALUES
(4, 'omarreda@gmail.com', 'omar', 'reda', '123456789', '326485', '2024-01-31 15:33:52', '2024-06-26 00:16:09'),
(6, 'Mahmoud@yahya', 'mahmoud', 'yahya', '1234', NULL, '2024-05-01 14:38:48', '2024-05-01 14:38:48'),
(7, 'sad awe@awe', 'sad awe', 'sad sad', '12345', NULL, '2024-05-01 14:40:58', '2024-05-01 14:40:58');

-- --------------------------------------------------------

--
-- Table structure for table `app_features`
--

CREATE TABLE `app_features` (
  `feature_id` int(11) NOT NULL,
  `feature_name` varchar(50) NOT NULL,
  `feature_description` text DEFAULT NULL,
  `feature_status` enum('enabled','disabled','in_development') NOT NULL DEFAULT 'in_development',
  `feature_start_version` int(11) NOT NULL DEFAULT 1 COMMENT 'the build version number we want to start with',
  `feature_created_at` datetime NOT NULL DEFAULT current_timestamp(),
  `feature_updated_at` datetime DEFAULT NULL,
  `feature_created_by` varchar(50) NOT NULL,
  `feature_updated_by` varchar(50) DEFAULT NULL,
  `feature_access_level` enum('personal_user','business_admin','business_user','only_business','all','no_one') NOT NULL
) ENGINE=InnoDB DEFAULT CHARSET=utf8mb3 COLLATE=utf8mb3_general_ci;

-- --------------------------------------------------------

--
-- Table structure for table `app_info`
--

CREATE TABLE `app_info` (
  `app_id` varchar(50) NOT NULL,
  `app_name` varchar(40) NOT NULL,
  `app_description` text DEFAULT NULL,
  `build_version` smallint(3) NOT NULL DEFAULT 1,
  `version` char(10) NOT NULL DEFAULT '1.0.0',
  `message_title` varchar(50) DEFAULT NULL COMMENT 'on open the app if we want',
  `message_body` varchar(255) DEFAULT NULL,
  `on_press_ok_android` varchar(255) DEFAULT NULL,
  `on_press_ok_web` varchar(255) DEFAULT NULL,
  `show_dialog_in` enum('android','web','all') NOT NULL DEFAULT 'all',
  `put_cancel_button` tinyint(1) NOT NULL DEFAULT 0,
  `first_release` datetime DEFAULT NULL,
  `last_update` datetime DEFAULT NULL,
  `developed_by` varchar(50) NOT NULL,
  `developer_site` varchar(255) DEFAULT NULL,
  `contact_email` varchar(100) DEFAULT NULL,
  `license_info` varchar(255) DEFAULT NULL,
  `privacy_policy_link` varchar(255) DEFAULT NULL,
  `app_legalese_link` varchar(255) DEFAULT NULL
) ENGINE=InnoDB DEFAULT CHARSET=utf8mb3 COLLATE=utf8mb3_general_ci;

-- --------------------------------------------------------

--
-- Table structure for table `app_users`
--

CREATE TABLE `app_users` (
  `user_id` int(11) NOT NULL,
  `user_email` varchar(255) NOT NULL,
  `user_first_name` varchar(30) NOT NULL,
  `user_last_name` varchar(30) NOT NULL,
  `user_password` varchar(255) NOT NULL,
  `user_provider` enum('facebook','google','email_password') NOT NULL DEFAULT 'email_password',
  `user_lastlogin` datetime NOT NULL DEFAULT current_timestamp(),
  `user_createdat` datetime NOT NULL DEFAULT current_timestamp(),
  `user_image` varchar(255) DEFAULT NULL,
  `user_type` enum('personal','business') NOT NULL,
  `user_status` enum('active','inactive','suspended','deleted','pending') NOT NULL DEFAULT 'pending',
  `user_status_message` varchar(255) DEFAULT 'want to verify the account'
) ENGINE=InnoDB DEFAULT CHARSET=utf8mb3 COLLATE=utf8mb3_general_ci;

--
-- Dumping data for table `app_users`
--

INSERT INTO `app_users` (`user_id`, `user_email`, `user_first_name`, `user_last_name`, `user_password`, `user_provider`, `user_lastlogin`, `user_createdat`, `user_image`, `user_type`, `user_status`, `user_status_message`) VALUES
(42, 'elshoram974@gmail.com', 'Mohammed', 'El Shora', '$2y$10$SXgmXICjEpc859MKjfFMEOu5Jky70lx1RYuiBMmrf4Fwht1vuHNre', 'email_password', '2024-06-28 14:16:45', '2024-02-01 01:53:48', 'https://thiet.mrecode.com/api/assets/users_photo/80371image_cropper_1719009626038.jpg', 'personal', 'active', NULL),
(45, 'mre9743@gmail.com', 'MRE', 'CODE', '$2y$10$ExlqpJ7wW1NdMncnYu2sQOSZa4V4rgBcqB6TJNzD6ZWOroQYCDJ9i', 'email_password', '2024-06-24 22:41:25', '2024-02-13 22:21:19', 'https://thiet.mrecode.com/api/assets/users_photo/86331module_table_bottom.png', 'personal', 'deleted', NULL),
(48, 'r7HJAAuguifcFd5ycuWaGq2HfOF3', 'adel', 'eid', '$2y$10$FaVuTk1lHxx.Bm8DF3oCjupoSAyYFOAj359BNkELETKAUBBPZ/rsq', 'facebook', '2024-04-06 01:00:40', '2024-02-20 21:13:58', NULL, 'personal', 'active', NULL),
(49, 'eidm56511@gmail.com', 'ramadan', 'kareem', '$2y$10$WHiW2iJhdITTDaCz61SBWuVXEQ7Q90jlYpZnZqZRZx6wHABZR0lZ2', 'google', '2024-03-21 16:33:19', '2024-02-27 21:54:20', NULL, 'personal', 'deleted', NULL),
(50, 'alialiali@gmail.com', 'adel', 'eid', '$2y$10$K6pZNEyoX45C4Y01A5V4uOaG0oOnUnyo1sbXw4YnC0gbWwxTtcLqS', 'email_password', '2024-03-14 16:29:12', '2024-03-14 16:29:12', NULL, 'personal', 'deleted', 'want to verify the account'),
(51, 'mre97433@gmail.com', 'mohamad', 'elshora', '$2y$10$nZ1IoioWL7mapaA6vxQcn.k8LGZUXjI1ajcAxmr0AYv4p5TEVTtUK', 'email_password', '2024-03-21 16:23:27', '2024-03-21 16:23:27', NULL, 'personal', 'pending', 'want to verify the account'),
(52, 'mre9733@gmail.com', 'mohamad', 'elshora', '$2y$10$xllplkfmnz1Um70lyRFzkOEs.ZkiDTGFk.2mIPyBFDrzn/9Z5Rdt2', 'email_password', '2024-03-21 16:24:15', '2024-03-21 16:24:15', NULL, 'personal', 'pending', 'want to verify the account'),
(53, 'mre973300@gmail.com', 'mohamad', 'elshora', '$2y$10$lg3IbAg0lJNwRHS/pQJm1.YaLBIwSGZ/03kW0jGZxuQl7..aNgMa6', 'email_password', '2024-03-21 16:55:51', '2024-03-21 16:55:51', NULL, 'personal', 'deleted', 'want to verify the account'),
(54, 'mre97330@gmail.com', 'mohamad', 'elshora', '$2y$10$DYPUtpL0mW1SePuTNFM7qeT28RzSCnMfIPsHQwac05YZCbkz4g/ri', 'email_password', '2024-03-21 16:56:00', '2024-03-21 16:56:00', NULL, 'personal', 'pending', 'want to verify the account'),
(55, 'mr97330@gmail.com', 'mohamad', 'elshora', '$2y$10$ynqSWQnyg5K/d7/tJZMa4O2aK2twt/mFA456Ka5u5Xqa274bv0hsC', 'email_password', '2024-03-21 16:56:21', '2024-03-21 16:56:21', NULL, 'personal', 'pending', 'want to verify the account'),
(56, 'mr97330@mail.com', 'mohamad', 'elshora', '$2y$10$6cPF0ruQMH8sqvLIDKREYOsRW6ECSH5PSpa58LYxCKwzioIX7WtmO', 'email_password', '2024-03-21 16:57:07', '2024-03-21 16:57:07', NULL, 'personal', 'deleted', 'want to verify the account'),
(57, 'mahmoudyahyaabla@gmail.com', 'Mahmoud', '', '$2y$10$W3WhIyYekNcOYatYNKHai.u/XE4N2WcShC5XV18oxEaD.D1RCy4T.', 'email_password', '2024-06-26 23:55:28', '2024-03-26 00:27:11', 'https://thiet.mrecode.com/api/assets/users_photo/47836image_cropper_1719435422280.jpg', 'personal', 'active', NULL),
(58, 'riyadm2001@gmail.com', 'Mohammed', 'Riyad', '$2y$10$rv6YuGecG92rf.vRajWVH.qwyAGcEufZ2zsW1VC3gKsPYeAZF1xvu', 'google', '2024-07-01 13:35:54', '2024-04-06 01:00:57', 'https://thiet.mrecode.com/api/assets/users_photo/76478image_cropper_1715786572902.jpg', 'personal', 'active', NULL),
(59, 'blackack599@gmail.com', 'Omar', 'Elbayoumi', '$2y$10$qjebZesnSC4KU9iQzWRnZ.K0sCDlWPMstuvqwT57smxBFIYz5Fpqu', 'email_password', '2024-04-07 02:51:45', '2024-04-07 02:51:45', NULL, 'personal', 'deleted', 'want to verify the account'),
(60, 'elshora@gmail.com', 'Mohammed', '', '$2y$10$HYsjlP87MX6IAIY.lptQSuvu44687D59QvplddbhUBOFdOhpONR6S', 'email_password', '2024-04-07 02:58:01', '2024-04-07 02:58:01', NULL, '', 'deleted', 'want to verify the account'),
(61, 'ao9270016@gmail.com', 'Ahmed', 'Osama', '$2y$10$3tE/GrljTMtOXqaRUXvilubpiUgh4ALB78RL0hIYnRrolL7c4uB9.', 'google', '2024-04-14 23:21:19', '2024-04-14 23:21:19', NULL, 'personal', 'active', NULL),
(62, 'alialhamoli475@gmail.com', 'Ali', 'H', '$2y$10$qBbOpH.PIjdcM4oO66IjNOBUg4xyLLRVjKTQBr897UMXeq8TiFYSi', 'email_password', '2024-06-26 22:25:37', '2024-04-21 20:16:45', 'https://thiet.mrecode.com/api/assets/users_photo/14100image_cropper_1714072815308.jpg', 'personal', 'active', NULL),
(63, 'omarreda@thiet.com', 'omarreda', '', '$2y$10$oGc6Ju/b/a6RgE6mQHSQjeyzWLQQqtX.Z3.sXsIkLHd.LdBDoZ8nO', 'email_password', '2024-04-23 16:27:18', '2024-04-23 16:27:18', NULL, '', 'pending', 'want to verify the account'),
(64, 'omar.reda.elbayoumi@sdfghjk', 'Omar', 'Elbayoumi 2', '$2y$10$MbCVZd5qyqUNT3obzDm2heKOVsrbNRDtueMnyihJDO2h1xtCPivJm', 'email_password', '2024-04-23 16:28:56', '2024-04-23 16:28:56', NULL, 'personal', 'pending', 'want to verify the account'),
(65, 'omarredaelb@gmail.com', 'B', 'B', '$2y$10$8adNdcVrvod.1nAEzt.iFuIMNK/OVC28eFePW6abGVoRpyKm8737a', 'email_password', '2024-04-23 16:31:03', '2024-04-23 16:31:03', NULL, 'personal', 'pending', 'want to verify the account'),
(66, 'abdo94574228@gmail.com', 'عبد', 'الحليم Alshore', '$2y$10$y9GX1mez3B.vETDSZXFan.v9UBp0ofts4eSG2Y3ZhrRTkUROgyfZa', 'google', '2024-05-15 22:12:55', '2024-05-15 22:12:55', NULL, 'personal', 'active', NULL),
(68, 'mrecode2@gmail.com', 'Mohammed', '', '$2y$10$TeusBd6f0lWoYVG0lOuwBuNs7jfGij.kBPGwsknWvtaW6lozfArxG', 'email_password', '2024-05-19 15:47:52', '2024-05-19 15:34:38', NULL, 'personal', 'active', NULL),
(69, 'm.medo55455@gmail.com', 'mahmoud', '', '$2y$10$EJSh7BYhI1ftx.NkdQ6JPup2InoWJKDt71CvjhDHhNqFi82h5Yd7y', 'email_password', '2024-05-20 00:36:20', '2024-05-20 00:00:28', NULL, 'personal', 'active', NULL),
(70, 'antoniouseskhiron@gmail.com', 'antonious', 'eskhiron', '$2y$10$vKzfJ97OBX.vaWuPH7HiJ.5CLpJj0GRpEEMtFcOf8u9rCZzKm2gRW', 'google', '2024-06-21 18:40:12', '2024-06-21 18:40:12', 'https://thiet.mrecode.com/api/assets/users_photo/83012.jpeg', 'personal', 'active', NULL),
(71, 'ahmedsamy96@mail.com', 'ahmed', '', '$2y$10$V1i1w/za2NISNnP1o31e0uv3PGwtO.j1n06nBBrMeO4rUoEGYzZle', 'email_password', '2024-06-21 19:02:02', '2024-06-21 19:02:02', NULL, 'personal', 'pending', 'want to verify the account'),
(72, 'ahmed_samy@mail.com', 'ahmed', '', '$2y$10$Xkky3OLgLJsFwlVrwPqa0OCtw5HDvtD/IzAe6LOGfoF8gDxBlhftu', 'email_password', '2024-06-21 19:04:18', '2024-06-21 19:04:18', NULL, 'personal', 'pending', 'want to verify the account'),
(73, 'ahmed_samy@gmail.com', 'ahmed', '', '$2y$10$nWoIJBp4JMfWnb1aSqAG9OTh2hHSQsHrxjoDp7591R/xqwMuNjSp6', 'email_password', '2024-06-21 19:06:46', '2024-06-21 19:06:46', NULL, 'personal', 'pending', 'want to verify the account'),
(74, 'islam.sabry970@gmail.com', 'EslamSabry', '', '$2y$10$bbJDApRCBTPxIYhre6mWh.xpsQCv7s6AuczetZ/C8S.C96G8dB4sq', 'email_password', '2024-06-26 15:02:37', '2024-06-21 21:28:47', NULL, 'personal', 'active', NULL),
(75, 'Ahmedsamy@gmail.com', 'Ahmed', '', '$2y$10$sl9995Oh8WdntLlNlTdpZ.J2DlV7nMpXWk7yGzimS2ufSagw6h6Ya', 'email_password', '2024-06-22 02:25:26', '2024-06-22 02:25:26', NULL, 'personal', 'pending', 'want to verify the account'),
(76, 'ahmed.hazem708@gmail.com', 'Ahmed', 'Hazem', '$2y$10$nhD5Qx554qbWfhD3ITuUOuJeUKNLlDoqhH0iWYHyeT5DnwrV7VPQS', 'email_password', '2024-06-26 23:52:19', '2024-06-22 14:14:51', 'https://thiet.mrecode.com/api/assets/users_photo/59168image_cropper_1719056461486.jpg', 'personal', 'active', NULL),
(78, 'mrecode24@gmail.com', 'MRE', 'CODE', '$2y$10$dG0melPL16wehbLR79z0J.10WAY.AKRlaUx05tXG2JKbUy9APXe0K', 'email_password', '2024-06-22 14:24:58', '2024-06-22 14:24:58', NULL, 'personal', 'pending', 'want to verify the account'),
(79, 'sadnibba192@gmail.com', 'Za3bola', '', '$2y$10$RtWtZFDbf484xiaCzOjEWu0NTOgqsqBJfIwXxkzA3aumyFB23QX8S', 'email_password', '2024-06-22 14:42:13', '2024-06-22 14:42:13', NULL, 'business', 'pending', 'want to verify the account'),
(80, 'aelzoghby239@gmail.com', 'Ahmed', 'Samy', '$2y$10$9r/EIGXuOat2naS.EkYX7.7p.RpSyNdiJPZiSRXYCkkltvbiaD7eq', 'email_password', '2024-06-27 12:25:53', '2024-06-24 00:09:20', NULL, 'personal', 'active', NULL);

-- --------------------------------------------------------

--
-- Table structure for table `business_profiles`
--

CREATE TABLE `business_profiles` (
  `business_user_id` int(11) NOT NULL,
  `business_name` varchar(255) NOT NULL,
  `business_domain` varchar(255) DEFAULT NULL,
  `business_logo` varchar(255) DEFAULT NULL
) ENGINE=InnoDB DEFAULT CHARSET=utf8mb3 COLLATE=utf8mb3_general_ci;

-- --------------------------------------------------------

--
-- Table structure for table `business_users`
--

CREATE TABLE `business_users` (
  `business_id` int(11) NOT NULL,
  `user_id` int(11) NOT NULL,
  `user_role` enum('owner','admin','user') NOT NULL
) ENGINE=InnoDB DEFAULT CHARSET=utf8mb3 COLLATE=utf8mb3_general_ci;

-- --------------------------------------------------------

--
-- Table structure for table `group_activity`
--

CREATE TABLE `group_activity` (
  `activity_id` int(11) NOT NULL,
  `activity_group_id` int(11) NOT NULL,
  `activity_direction_id` int(11) DEFAULT NULL,
  `activity_type` enum('photo','record_file','text_message','voice_message','poll','document','instructions','video','location','other') NOT NULL,
  `activity_reply_on` int(11) DEFAULT NULL COMMENT 'if this activity is replied on other activity',
  `activity_content` varchar(2000) DEFAULT NULL,
  `activity_attachments_url` varchar(255) DEFAULT NULL COMMENT 'if user send file with content',
  `activity_attachments_size` double DEFAULT NULL COMMENT 'size of file in kb',
  `activity_attachments_height` double DEFAULT NULL COMMENT 'if file is image height of image',
  `activity_attachments_width` double DEFAULT NULL COMMENT 'if file is image width of image',
  `activity_attachments_mimetype` varchar(25) DEFAULT NULL COMMENT 'mime type of file',
  `activity_date` datetime NOT NULL DEFAULT current_timestamp(),
  `activity_is_approved` tinyint(1) NOT NULL,
  `activity_notify_others` enum('notify','without_notify','custom_notify') NOT NULL DEFAULT 'without_notify' COMMENT 'custom_notify when users is custom and users notify',
  `activity_owner_id` int(11) NOT NULL,
  `activity_last_modified` datetime DEFAULT NULL
) ENGINE=InnoDB DEFAULT CHARSET=utf8mb3 COLLATE=utf8mb3_general_ci;

--
-- Dumping data for table `group_activity`
--

INSERT INTO `group_activity` (`activity_id`, `activity_group_id`, `activity_direction_id`, `activity_type`, `activity_reply_on`, `activity_content`, `activity_attachments_url`, `activity_attachments_size`, `activity_attachments_height`, `activity_attachments_width`, `activity_attachments_mimetype`, `activity_date`, `activity_is_approved`, `activity_notify_others`, `activity_owner_id`, `activity_last_modified`) VALUES
(10, 8, NULL, 'text_message', NULL, 'aaassss', NULL, NULL, NULL, NULL, NULL, '2024-04-22 09:52:35', 1, 'custom_notify', 42, NULL),
(34, 8, NULL, 'text_message', NULL, 'Jjjj', NULL, NULL, NULL, NULL, NULL, '2024-06-21 10:17:39', 1, 'without_notify', 58, NULL),
(37, 24, NULL, 'photo', NULL, 'scaled_1000337514.jpg', 'https://thiet.mrecode.com/api/assets/groups_files/52751scaled_1000337514.jpeg', 208371, 2400, 1080, 'image/jpeg', '2024-06-21 11:44:55', 1, 'without_notify', 58, NULL),
(38, 25, NULL, 'text_message', NULL, 'Iiii', NULL, NULL, NULL, NULL, NULL, '2024-06-21 13:54:41', 1, 'without_notify', 42, NULL),
(40, 24, 68, 'photo', NULL, 'scaled_IMG_20240617_195347.jpg', 'https://thiet.mrecode.com/api/assets/groups_files/33093scaled_IMG_20240617_195347.jpeg', 191168, 960, 960, 'image/jpeg', '2024-06-21 14:17:42', 1, 'without_notify', 42, NULL),
(43, 24, 58, 'photo', NULL, 'scaled_IMG_20240620_170018.jpg', 'https://thiet.mrecode.com/api/assets/groups_files/16083scaled_IMG_20240620_170018.jpeg', 144856, 960, 960, 'image/jpeg', '2024-06-21 14:31:05', 1, 'without_notify', 42, NULL),
(44, 24, 69, 'other', NULL, 'IMG_20240617_195347.jpg', 'https://thiet.mrecode.com/api/assets/groups_files/11148IMG_20240617_195347.jpeg', 123071, NULL, NULL, 'image/jpeg', '2024-06-21 14:31:58', 1, 'without_notify', 42, NULL),
(45, 27, 81, 'other', NULL, 'Advanced programming ( html ).pdf', 'https://thiet.mrecode.com/api/assets/groups_files/67812Advanced programming ( html ).pdf', 2988745, NULL, NULL, 'application/pdf', '2024-06-21 15:56:14', 1, 'without_notify', 42, NULL),
(46, 27, 77, 'other', NULL, 'كتاب البرمجة المتقدمة.pdf', 'https://thiet.mrecode.com/api/assets/groups_files/22181كتاب البرمجة المتقدمة.pdf', 608061, NULL, NULL, 'application/pdf', '2024-06-21 15:57:04', 1, 'without_notify', 42, NULL),
(47, 27, 84, 'text_message', NULL, 'دا لينك فيه شرح المادة لحد الميد ترمhttps://drive.google.com/drive/folders/1LqIrvR5wvt570hH5wb0kG88wcbgT9PAb?usp=sharing', NULL, NULL, NULL, NULL, NULL, '2024-06-21 15:57:36', 1, 'without_notify', 42, NULL),
(48, 27, 72, 'text_message', NULL, 'المحاضرة: يوم السبت فترة اولى من 9 الى 11 قاعة 5السكشن: يوم الاثنين فترة أولى من 9 الى 11 قاعة 5 سكشن 1,ويوم الاثنين فترة ثانية من 11 الى 1 قاعة 6 سكشن 3,ويوم الثلاثاء فترة ثانية من 11 الى 1 قاعة 5 سكشن 2.العملي: يوم الاثنين فترة ثالثة من 1 الى 3 سكشن 2,ويوم الثلاثاء فترة اولى من 9 الى 11 سكشن 3,ويوم الثلاثاء فترة ثالثة من 1 الى 3 سكشن  1.', NULL, NULL, NULL, NULL, NULL, '2024-06-21 15:59:52', 1, 'without_notify', 42, NULL),
(49, 27, 79, 'other', NULL, 'mid advanced programming.pdf', 'https://thiet.mrecode.com/api/assets/groups_files/67968mid advanced programming.pdf', 3826635, NULL, NULL, 'application/pdf', '2024-06-21 16:02:23', 1, 'without_notify', 42, NULL),
(50, 27, 79, 'other', NULL, 'final advanced programming.pdf', 'https://thiet.mrecode.com/api/assets/groups_files/78295final advanced programming.pdf', 6040649, NULL, NULL, 'application/pdf', '2024-06-21 16:02:50', 1, 'without_notify', 42, NULL),
(51, 27, 79, 'photo', NULL, 'scaled_1000337645.jpg', 'https://thiet.mrecode.com/api/assets/groups_files/38967scaled_1000337645.jpeg', 391550, 1280, 902, 'image/jpeg', '2024-06-21 16:02:54', 1, 'without_notify', 42, NULL),
(52, 27, 79, 'other', NULL, 'solution of our mid.pdf', 'https://thiet.mrecode.com/api/assets/groups_files/66129solution of our mid.pdf', 578066, NULL, NULL, 'application/pdf', '2024-06-21 16:02:54', 1, 'without_notify', 42, NULL),
(53, 27, 79, 'other', NULL, 'final advanced solved .pdf', 'https://thiet.mrecode.com/api/assets/groups_files/34147final advanced solved .pdf', 7372419, NULL, NULL, 'application/pdf', '2024-06-21 16:03:13', 1, 'without_notify', 42, NULL),
(54, 27, 81, 'other', NULL, 'Advanced programming ( html ) (1).pdf', 'https://thiet.mrecode.com/api/assets/groups_files/77793Advanced programming ( html ) (1).pdf', 2988745, NULL, NULL, 'application/pdf', '2024-06-21 16:04:00', 1, 'without_notify', 42, NULL),
(55, 27, 74, 'text_message', NULL, 'مادة الذكاء الإصطناعي وتطبيقاته الخاصة بد/ احمد الصاوي م / ايريني مجديالمحاضرة: يوم السبت فترة ثانية من 11 الى 1 قاعة 5السكشن: يوم الاثنين فترة أولى من 9 الى 11 قاعة 7 سكشن 2,ويوم الاثنين فترة ثانية من 11 الى 1 قاعة 5 سكشن 1,ويوم الثلاثاء فترة ثالثة من 1 الى 3 قاعة 7 سكشن 3.العملي: لا يوجد عملي', NULL, NULL, NULL, NULL, NULL, '2024-06-21 16:06:26', 1, 'without_notify', 42, NULL),
(60, 27, 89, 'other', NULL, 'كتاب الذكاء الاصطناعي (1).pdf', 'https://thiet.mrecode.com/api/assets/groups_files/9488كتاب الذكاء الاصطناعي (1).pdf', 2044324, NULL, NULL, 'application/pdf', '2024-06-21 16:14:10', 1, 'without_notify', 42, NULL),
(61, 27, 94, 'other', NULL, 'AI Lec 4.pdf', 'https://thiet.mrecode.com/api/assets/groups_files/23727AI Lec 4.pdf', 1101342, NULL, NULL, 'application/pdf', '2024-06-21 16:14:20', 1, 'without_notify', 42, NULL),
(62, 27, 95, 'other', NULL, 'LP Section #1.pdf', 'https://thiet.mrecode.com/api/assets/groups_files/33779LP Section #1.pdf', 454844, NULL, NULL, 'application/pdf', '2024-06-21 16:14:31', 1, 'without_notify', 42, NULL),
(63, 27, 95, 'other', NULL, 'LP Section #2.pdf', 'https://thiet.mrecode.com/api/assets/groups_files/46791LP Section #2.pdf', 443583, NULL, NULL, 'application/pdf', '2024-06-21 16:14:37', 1, 'without_notify', 42, NULL),
(64, 27, 95, 'other', NULL, 'LP Section #3.pdf', 'https://thiet.mrecode.com/api/assets/groups_files/51207LP Section #3.pdf', 435345, NULL, NULL, 'application/pdf', '2024-06-21 16:14:43', 1, 'without_notify', 42, NULL),
(65, 27, 95, 'other', NULL, 'LP Section #4.pdf', 'https://thiet.mrecode.com/api/assets/groups_files/15976LP Section #4.pdf', 335410, NULL, NULL, 'application/pdf', '2024-06-21 16:14:51', 1, 'without_notify', 42, NULL),
(66, 27, 95, 'other', NULL, 'AI sec 5.pdf', 'https://thiet.mrecode.com/api/assets/groups_files/56392AI sec 5.pdf', 2880025, NULL, NULL, 'application/pdf', '2024-06-21 16:15:07', 1, 'without_notify', 42, NULL),
(67, 27, 95, 'other', NULL, 'LP Section #5.pdf', 'https://thiet.mrecode.com/api/assets/groups_files/43433LP Section #5.pdf', 495214, NULL, NULL, 'application/pdf', '2024-06-21 16:15:08', 1, 'without_notify', 42, NULL),
(68, 27, 95, 'text_message', NULL, 'اللينكات اللي هنفهم من خلالها ازاي نعمل المشروع اللي مطلوب https://ankurm.com/implementing-calculator-in-prolog/https://sicstus.sics.se/sicstus/docs/3.12.8/html/sicstus/Example-1-_002d-Calculator.htmlhttps://youtu.be/8zUHRRSFLQ0?si=gNVlgTaoCD05bFC6', NULL, NULL, NULL, NULL, NULL, '2024-06-21 16:15:24', 1, 'without_notify', 42, NULL),
(69, 27, 96, 'text_message', NULL, 'Make Family Tree In Prolog.. Before Monday 26/2', NULL, NULL, NULL, NULL, NULL, '2024-06-21 16:18:08', 1, 'without_notify', 42, NULL),
(70, 27, 96, 'other', NULL, 'family_tree.pdf', 'https://thiet.mrecode.com/api/assets/groups_files/75127family_tree.pdf', 135052, NULL, NULL, 'application/pdf', '2024-06-21 16:18:56', 1, 'without_notify', 42, NULL),
(71, 27, 96, 'text_message', NULL, 'Second Sheet', NULL, NULL, NULL, NULL, NULL, '2024-06-21 16:19:38', 1, 'without_notify', 42, NULL),
(72, 27, 96, 'photo', NULL, 'scaled_1000337659.jpg', 'https://thiet.mrecode.com/api/assets/groups_files/23108scaled_1000337659.jpeg', 449880, 1180, 1280, 'image/jpeg', '2024-06-21 16:19:46', 1, 'without_notify', 42, NULL),
(73, 27, 96, 'text_message', NULL, 'Third Sheet', NULL, NULL, NULL, NULL, NULL, '2024-06-21 16:20:23', 1, 'without_notify', 42, NULL),
(74, 27, 96, 'photo', NULL, 'scaled_1000337660.jpg', 'https://thiet.mrecode.com/api/assets/groups_files/93612scaled_1000337660.jpeg', 58715, 529, 1080, 'image/jpeg', '2024-06-21 16:20:32', 1, 'without_notify', 42, NULL),
(75, 27, 96, 'text_message', NULL, 'دا المشروع اللي مطلوب مننا ف ال ai باستخدام ال prologممكن جمع او طرح او قسمة .. الخ او تجمع ما بينهم كلهم كل طالب لوحده موجود الشرح وازاي تعنله ف ال pdf الاخير اللي باسم ..LP Section #5.pdf    FOURTH, SECOND SEMESTER THIET:دا المشروع اللي مطلوب مننا ف ال ai باستخدام ال prologممكن جمع او طرح او قسمة .. الخ او تجمع ما بينهم كلهم كل طالب لوحده موجود الشرح وازاي تعنله ف ال pdf الاخير اللي باسم ..LP Section #5.pdfالمفروض المشروع دا يتسلم يوم الثلاثاء 14/5/2024', NULL, NULL, NULL, NULL, NULL, '2024-06-21 16:21:29', 1, 'without_notify', 42, NULL),
(76, 27, 96, 'photo', NULL, 'scaled_1000337661.jpg', 'https://thiet.mrecode.com/api/assets/groups_files/90514scaled_1000337661.jpeg', 51158, 721, 1080, 'image/jpeg', '2024-06-21 16:21:38', 1, 'without_notify', 42, NULL),
(77, 27, 91, 'other', NULL, 'mid AI.pdf', 'https://thiet.mrecode.com/api/assets/groups_files/83084mid AI.pdf', 2881507, NULL, NULL, 'application/pdf', '2024-06-21 16:27:05', 1, 'without_notify', 42, NULL),
(78, 27, 91, 'other', NULL, 'ai our mid.pdf', 'https://thiet.mrecode.com/api/assets/groups_files/69190ai our mid.pdf', 554215, NULL, NULL, 'application/pdf', '2024-06-21 16:27:06', 1, 'without_notify', 42, NULL),
(79, 27, 91, 'other', NULL, 'final ai.pdf', 'https://thiet.mrecode.com/api/assets/groups_files/83615final ai.pdf', 4881124, NULL, NULL, 'application/pdf', '2024-06-21 16:27:17', 1, 'without_notify', 42, NULL),
(81, 27, 93, 'other', NULL, 'AI    Eng. AMS.pdf', 'https://thiet.mrecode.com/api/assets/groups_files/82299AI    Eng AMS.pdf', 4309449, NULL, NULL, 'application/pdf', '2024-06-21 16:28:05', 1, 'without_notify', 42, NULL),
(82, 27, 93, 'text_message', NULL, 'رقم ٢ a ورقم ٨ b', NULL, NULL, NULL, NULL, NULL, '2024-06-21 16:28:14', 1, 'without_notify', 42, NULL),
(83, 27, 93, 'photo', NULL, 'scaled_1000337669.jpg', 'https://thiet.mrecode.com/api/assets/groups_files/9265scaled_1000337669.jpeg', 343016, 1280, 906, 'image/jpeg', '2024-06-21 16:29:15', 1, 'without_notify', 42, NULL),
(84, 27, 75, 'text_message', NULL, 'مادة اانظمة المدمجة الخاصة بـد/ رفعت أبو زيدم / ايريني مجدي      المحاضرة: يوم الاحد فترة اولى من 9 الى 11 قاعة 5السكشن: يوم الاثنين فترة ثالثة من 1 الى 3 قاعة 5 سكشن 1,ويوم الثلاثاء فترة أولى من 9 الى 11 قاعة 5 سكشن 2,ويوم الثلاثاء فترة ثانية من 11 الى 1 قاعة75 سكشن 3.العملي: لا يوجد عملي', NULL, NULL, NULL, NULL, NULL, '2024-06-21 16:30:57', 1, 'without_notify', 42, NULL),
(85, 27, 99, 'other', NULL, 'انظمة مدمجة.pdf', 'https://thiet.mrecode.com/api/assets/groups_files/29889انظمة مدمجة.pdf', 3743060, NULL, NULL, 'application/pdf', '2024-06-21 16:32:36', 1, 'without_notify', 42, NULL),
(86, 27, 100, 'text_message', NULL, 'الداتا اللي الدكتور بعتهاhttps://drive.google.com/drive/folders/1Y-jA2yJDtdt4FFOz6Vg9OjqeiKelncB1', NULL, NULL, NULL, NULL, NULL, '2024-06-21 16:32:57', 1, 'without_notify', 42, NULL),
(87, 27, 101, 'other', NULL, 'Embedded systems sec 1.pdf', 'https://thiet.mrecode.com/api/assets/groups_files/83296Embedded systems sec 1.pdf', 3714396, NULL, NULL, 'application/pdf', '2024-06-21 16:33:42', 1, 'without_notify', 42, NULL),
(88, 27, 101, 'other', NULL, 'Embedded systems sec 2.pdf', 'https://thiet.mrecode.com/api/assets/groups_files/39289Embedded systems sec 2.pdf', 3753275, NULL, NULL, 'application/pdf', '2024-06-21 16:33:55', 1, 'without_notify', 42, NULL),
(89, 27, 101, 'other', NULL, 'Embedded systems sec 3.pdf', 'https://thiet.mrecode.com/api/assets/groups_files/46063Embedded systems sec 3.pdf', 3941270, NULL, NULL, 'application/pdf', '2024-06-21 16:34:18', 1, 'without_notify', 42, NULL),
(90, 27, 101, 'other', NULL, 'Embedded systems sec 4.pdf', 'https://thiet.mrecode.com/api/assets/groups_files/53687Embedded systems sec 4.pdf', 2840305, NULL, NULL, 'application/pdf', '2024-06-21 16:34:19', 1, 'without_notify', 42, NULL),
(91, 27, 101, 'other', NULL, 'datasheet.pdf', 'https://thiet.mrecode.com/api/assets/groups_files/70056datasheet.pdf', 3500555, NULL, NULL, 'application/pdf', '2024-06-21 16:34:29', 1, 'without_notify', 42, NULL),
(92, 27, 101, 'other', NULL, 'Sheet7_MCQAnswers1-1.pdf', 'https://thiet.mrecode.com/api/assets/groups_files/46396Sheet7_MCQAnswers1-1.pdf', 174530, NULL, NULL, 'application/pdf', '2024-06-21 16:34:32', 1, 'without_notify', 42, NULL),
(93, 27, 101, 'other', NULL, 'Embedded systems 5,6 sheets.pdf', 'https://thiet.mrecode.com/api/assets/groups_files/48561Embedded systems 5,6 sheets.pdf', 4383905, NULL, NULL, 'application/pdf', '2024-06-21 16:34:53', 1, 'without_notify', 42, NULL),
(94, 27, 103, 'text_message', NULL, 'مطلوب نعملها عملي بالكود ل الدكتور رفعت .. لو المفتاح مغلق -› الليد ينور .. لو مفتوح يطفي والمفروض تتسلم قبل يوم ٣/٣ .. ع اللينك داhttps://forms.gle/b4PVtaxwAB97F52QA', NULL, NULL, NULL, NULL, NULL, '2024-06-21 16:36:01', 1, 'without_notify', 42, NULL),
(95, 27, 103, 'photo', NULL, 'scaled_1000337680.jpg', 'https://thiet.mrecode.com/api/assets/groups_files/87964scaled_1000337680.jpeg', 93469, 937, 1280, 'image/jpeg', '2024-06-21 16:36:17', 1, 'without_notify', 42, NULL),
(96, 27, 103, 'text_message', NULL, 'https://www.projectpro.io/article/top-20-iot-project-ideas-for-beginners-in-2021/428#mcetoc_1gve63oam1dده اللى هتختاروا منه المشروع ☝️☝️☝️ودى اللينكات المساعدةhttps://iotprojectsideas.com/arduino-projects/#google_vignettehttps://projecthub.arduino.cc/https://nevonprojects.com/arduino-projects/https://iotdesignpro.com/iot-arduino-projects', NULL, NULL, NULL, NULL, NULL, '2024-06-21 16:36:33', 1, 'without_notify', 42, NULL),
(97, 27, 103, 'text_message', NULL, 'لينك بروتس https://drive.google.com/file/d/1FxiW5TfDh9PIkTpWRszglF6iVq6qwMQh/view?usp=drive_linkلينك avr https://www.microchip.com/en-us/tools-resources/archives/avr-sam-mcus', NULL, NULL, NULL, NULL, NULL, '2024-06-21 16:36:46', 1, 'without_notify', 42, NULL),
(98, 27, 104, 'text_message', NULL, 'نفس المسألة دي بس 8*1 والمفروض تتسلم يوم الثلاثاء 14/5/2024', NULL, NULL, NULL, NULL, NULL, '2024-06-21 16:37:55', 1, 'without_notify', 42, NULL),
(99, 27, 104, 'photo', NULL, 'scaled_1000337681.jpg', 'https://thiet.mrecode.com/api/assets/groups_files/61233scaled_1000337681.jpeg', 179423, 592, 1280, 'image/jpeg', '2024-06-21 16:38:02', 1, 'without_notify', 42, NULL),
(100, 27, 105, 'text_message', NULL, 'الامتحانات اللي الدكتور عملها كلها موجودة ع درايف اصلا اللي بعتلنا اللينك بتاعه', NULL, NULL, NULL, NULL, NULL, '2024-06-21 16:39:46', 1, 'without_notify', 42, NULL),
(101, 27, 105, 'text_message', NULL, 'الميد يوم الثلاثاء 2/4/2024', NULL, NULL, NULL, NULL, NULL, '2024-06-21 16:41:23', 1, 'without_notify', 42, NULL),
(102, 27, 105, 'other', NULL, 'mid embedded systems.pdf', 'https://thiet.mrecode.com/api/assets/groups_files/65462mid embedded systems.pdf', 6027760, NULL, NULL, 'application/pdf', '2024-06-21 16:41:29', 1, 'without_notify', 42, NULL),
(103, 27, 105, 'other', NULL, 'embedded our mid.pdf', 'https://thiet.mrecode.com/api/assets/groups_files/46345embedded our mid.pdf', 1622583, NULL, NULL, 'application/pdf', '2024-06-21 16:42:01', 1, 'without_notify', 42, NULL),
(104, 27, 105, 'text_message', NULL, 'الاجابات مش كلها صح .. محدش يعتمد عليها', NULL, NULL, NULL, NULL, NULL, '2024-06-21 16:42:04', 1, 'without_notify', 42, NULL),
(108, 27, 105, 'photo', NULL, 'scaled_1000337686.jpg', 'https://thiet.mrecode.com/api/assets/groups_files/20095scaled_1000337686.jpeg', 277748, 1280, 796, 'image/jpeg', '2024-06-21 16:44:09', 1, 'without_notify', 42, NULL),
(109, 27, 105, 'text_message', NULL, 'المسأله دي والتانيه اللي شبهها ممكن نعملها vectors بدل bits اوفر واحسن', NULL, NULL, NULL, NULL, NULL, '2024-06-21 16:44:44', 1, 'without_notify', 42, NULL),
(110, 27, 105, 'photo', NULL, 'scaled_1000337687.jpg', 'https://thiet.mrecode.com/api/assets/groups_files/24280scaled_1000337687.jpeg', 212708, 1280, 576, 'image/jpeg', '2024-06-21 16:45:02', 1, 'without_notify', 42, NULL),
(111, 27, 105, 'photo', NULL, 'scaled_1000337688.jpg', 'https://thiet.mrecode.com/api/assets/groups_files/5175scaled_1000337688.jpeg', 114304, 1280, 576, 'image/jpeg', '2024-06-21 16:45:19', 1, 'without_notify', 42, NULL),
(112, 27, 105, 'text_message', NULL, '2. عملنا ال TCCR1A ب C0 وهي المفروض تبقا  00 لو رجعت للداتا شيت فللصورة رقم 3', NULL, NULL, NULL, NULL, NULL, '2024-06-21 16:45:38', 1, 'without_notify', 42, NULL),
(113, 27, 105, 'photo', NULL, 'scaled_1000337689.jpg', 'https://thiet.mrecode.com/api/assets/groups_files/1062scaled_1000337689.jpeg', 303646, 1280, 576, 'image/jpeg', '2024-06-21 16:45:52', 1, 'without_notify', 42, NULL),
(114, 27, 105, 'text_message', NULL, '3. المفروض يبقا بصفر زي الصوره رقم 3 هنا كدا', NULL, NULL, NULL, NULL, NULL, '2024-06-21 16:45:57', 1, 'without_notify', 42, NULL),
(115, 27, 106, 'other', NULL, 'Embedded system      Eng. AMS.pdf', 'https://thiet.mrecode.com/api/assets/groups_files/47410Embedded system      Eng AMS.pdf', 2238677, NULL, NULL, 'application/pdf', '2024-06-21 16:47:38', 1, 'without_notify', 42, NULL),
(116, 27, 106, 'other', NULL, 'حل الاختياري      Eng.AMS.pdf', 'https://thiet.mrecode.com/api/assets/groups_files/9274حل الاختياري      EngAMS.pdf', 6307406, NULL, NULL, 'application/pdf', '2024-06-21 16:48:15', 1, 'without_notify', 42, NULL),
(118, 27, 76, 'text_message', NULL, 'مادة إتصالات المتحركات الخاصة بـ   د/  حنان صبحي  م / أمل سعيد   المحاضرة: يوم الاحد  فترة ثانية من 11 الى 1 قاعة 5السكشن: يوم الاثنين فترة أولى من 9 الى 11 قاعة 6 سكشن 3,ويوم الاثنين فترة ثانية من 11 الى 1 قاعة 7 سكشن 2,ويوم الثلاثاء فترة ثانية من 11 الى 1 قاعة 6 سكشن 1.العملي: لا يوجد عملي', NULL, NULL, NULL, NULL, NULL, '2024-06-21 16:48:45', 1, 'without_notify', 42, NULL),
(120, 27, 111, 'other', NULL, 'mid mobile communication.pdf', 'https://thiet.mrecode.com/api/assets/groups_files/45736mid mobile communication.pdf', 359323, NULL, NULL, 'application/pdf', '2024-06-21 16:53:08', 1, 'without_notify', 42, NULL),
(121, 27, 111, 'other', NULL, 'summer mobile solved choice + true&false1.pdf', 'https://thiet.mrecode.com/api/assets/groups_files/47184summer mobile solved choice + true&false1.pdf', 610931, NULL, NULL, 'application/pdf', '2024-06-21 16:53:22', 1, 'without_notify', 42, NULL),
(122, 27, 111, 'other', NULL, 'final mobile communication.pdf', 'https://thiet.mrecode.com/api/assets/groups_files/95106final mobile communication.pdf', 1286490, NULL, NULL, 'application/pdf', '2024-06-21 16:53:32', 1, 'without_notify', 42, NULL),
(123, 27, 111, 'text_message', NULL, 'اتأكد ان الحل هو اللي عليه مستطيل احمر', NULL, NULL, NULL, NULL, NULL, '2024-06-21 16:53:53', 1, 'without_notify', 42, NULL),
(124, 27, 111, 'photo', NULL, 'scaled_1000337697.jpg', 'https://thiet.mrecode.com/api/assets/groups_files/1030scaled_1000337697.jpeg', 172437, 634, 1280, 'image/jpeg', '2024-06-21 16:54:00', 1, 'without_notify', 42, NULL),
(125, 27, 111, 'text_message', NULL, 'الميد يوم السبت 30/3/2024', NULL, NULL, NULL, NULL, NULL, '2024-06-21 16:54:09', 1, 'without_notify', 42, NULL),
(126, 27, 111, 'other', NULL, 'final mobile communication (1).pdf', 'https://thiet.mrecode.com/api/assets/groups_files/67638final mobile communication (1).pdf', 1286490, NULL, NULL, 'application/pdf', '2024-06-21 16:54:18', 1, 'without_notify', 42, NULL),
(127, 27, 117, 'text_message', NULL, 'بعض الاشياء التي قد تساعد ... 1- شات جي بي تي Chat GPT الموقع .. https://chat.openai.com/لينك الابليكيشن ع بلاي ستور https://play.google.com/store/apps/details?id=com.openai.chatgpt&pcampaignid=web_shareلينك الابليكيشن ع ابل ستور https://apps.apple.com/us/app/chatgpt/id64483110692- جيميناي (Gemini) بارد (Bard) سابقاhttps://gemini.google.com/', NULL, NULL, NULL, NULL, NULL, '2024-06-21 16:56:01', 1, 'without_notify', 42, NULL),
(128, 27, 115, 'text_message', NULL, 'حساب التراكمي عن طريق التطبيق المواد الخاصة بقسم الاتصالات والحاسبات في المعهد + مواد اعدادي هندسة في الرابطhttps://gpapro.mrecode.com/?user_sharedId=0000000000وان لم يكن التطبيق عندك فسيأخذك الرابط لصفحة يوجد بها زر يأخذك لرابط تحميل التطبيق حسب الجهاز الخاص بك سواء ايفون او اندرويد او ويندوز..', NULL, NULL, NULL, NULL, NULL, '2024-06-21 16:56:50', 1, 'without_notify', 42, NULL),
(129, 27, 120, 'photo', NULL, 'scaled_1000337701.jpg', 'https://thiet.mrecode.com/api/assets/groups_files/35210scaled_1000337701.jpeg', 167299, 905, 1280, 'image/jpeg', '2024-06-21 16:58:03', 1, 'without_notify', 42, NULL),
(130, 27, 119, 'photo', NULL, 'scaled_1000337700.jpg', 'https://thiet.mrecode.com/api/assets/groups_files/37760scaled_1000337700.jpeg', 114100, 471, 1080, 'image/jpeg', '2024-06-21 16:58:15', 1, 'without_notify', 42, NULL),
(131, 27, 118, 'photo', NULL, 'scaled_1000337699.jpg', 'https://thiet.mrecode.com/api/assets/groups_files/84787scaled_1000337699.jpeg', 339547, 752, 1280, 'image/jpeg', '2024-06-21 16:58:25', 1, 'without_notify', 42, NULL),
(143, 27, 105, 'other', NULL, 'final embedded systems.pdf', 'https://thiet.mrecode.com/api/assets/groups_files/73109final embedded systems.pdf', 12048623, NULL, NULL, 'application/pdf', '2024-06-22 05:53:49', 1, 'without_notify', 42, NULL),
(144, 28, 129, 'text_message', NULL, 'https://classroom.google.com/c/NTU4NzI1MTE5Mjk3?cjc=m2bxkjo\nدي ملفات الدكتور كاملة وفيها كل المحاضرات وفيها اسئلة للمادة الدكتور بيحط منها الامتحانات ..', NULL, NULL, NULL, NULL, NULL, '2024-06-22 06:00:56', 1, 'without_notify', 42, NULL),
(145, 28, 130, 'other', NULL, 'sheet1_094028.pdf', 'https://thiet.mrecode.com/api/assets/groups_files/25779sheet1_094028.pdf', 1144853, NULL, NULL, 'application/pdf', '2024-06-22 06:01:48', 1, 'without_notify', 42, NULL),
(146, 28, 130, 'other', NULL, 'sheet2_094055.pdf', 'https://thiet.mrecode.com/api/assets/groups_files/89234sheet2_094055.pdf', 1345854, NULL, NULL, 'application/pdf', '2024-06-22 06:02:01', 1, 'without_notify', 42, NULL),
(147, 28, 130, 'other', NULL, 'Sheet3WithAnswers (1)_101925.pdf', 'https://thiet.mrecode.com/api/assets/groups_files/76752Sheet3WithAnswers (1)_101925.pdf', 15973, NULL, NULL, 'application/pdf', '2024-06-22 06:02:04', 1, 'without_notify', 42, NULL),
(148, 28, 132, 'text_message', NULL, 'طلب يوم 29/10/2022 بروجكت alu يتعمل ع Proteus يتسلم يوم الاربعاء 2/11/2022\nكل 8 ف تيم .. والدكتور هيتناقش فيه يوم السبت معانا ..  \nالمفروض الناس تبدأ من انهردا ..\nHelper تالته ترم اول:\nكل 8 ف تيم .. والدكتور هيتناقش فيه يوم السبت معانا ..  \nالمفروض الناس تبدأ من انهردا ..\n\nنزل البروتس من هنا \nhttps://drive.google.com/file/d/1FxiW5TfDh9PIkTpWRszglF6iVq6qwMQh/view?usp=drivesdk', NULL, NULL, NULL, NULL, NULL, '2024-06-22 06:04:39', 1, 'without_notify', 42, NULL),
(149, 28, 132, 'other', NULL, 'ALU Design_Quiz2.xlsx', 'https://thiet.mrecode.com/api/assets/groups_files/34393ALU Design_Quiz2.vnd.openxmlformats-officedocument.spreadsheetml.sheet', 9768, NULL, NULL, 'application/vnd.openxmlfo', '2024-06-22 06:04:54', 1, 'without_notify', 42, NULL),
(150, 28, 132, 'text_message', NULL, 'الكلام دا اننا نعمل البروجكت اللي عملناه ع البروتس هنعمله ف الحقيقة ... \nتيمات عادي .. وتقريبا اللي عايز يغير التيم اشطا \nدا هيبقا بخمس درجات بونص للي عايز\n+ \nكل تيم اتأخر يوم عن تسليم البروجكت نقص درجة من اعمال السنه .. لحد خمس درجات .. واللي هيسلم البروجكت بعدين هياخد درجة واحدة من خمسة .. واللي مش  هيسلمه خالص فهو نقص ٥ درجات\nالبروجكت دا ب بونص للي عايز يعمله.. وهيكون ع بورد ف الحقيقة ...', NULL, NULL, NULL, NULL, NULL, '2024-06-22 06:06:07', 1, 'without_notify', 42, NULL),
(151, 28, 132, 'text_message', NULL, '+ مطلوب مننا نسلم شيت يوم السبت 12/11/2022 ل الدكتور رفعت ..\nالشيت عبارة عن انه عايز دايرة تعرف ان كان ف الناتج carry او لا', NULL, NULL, NULL, NULL, NULL, '2024-06-22 06:06:44', 1, 'without_notify', 42, NULL),
(152, 28, 132, 'photo', NULL, 'scaled_1000338035.jpg', 'https://thiet.mrecode.com/api/assets/groups_files/97095scaled_1000338035.jpeg', 230453, 572, 1053, 'image/jpeg', '2024-06-22 06:06:56', 1, 'without_notify', 42, NULL),
(153, 28, 132, 'text_message', NULL, 'معرفش الدكتور عايزها ع البروتس او لاء .. بس اقل حاجة ترسموها ع ورقة ع اساس انها تتسلم', NULL, NULL, NULL, NULL, NULL, '2024-06-22 06:07:11', 1, 'without_notify', 42, NULL),
(154, 28, 133, 'other', NULL, 'sheet1_094028 (1).pdf', 'https://thiet.mrecode.com/api/assets/groups_files/65175sheet1_094028 (1).pdf', 1144853, NULL, NULL, 'application/pdf', '2024-06-22 06:10:23', 1, 'without_notify', 42, NULL),
(155, 28, 133, 'other', NULL, 'Sheet5_ComputerArithmetic.pdf', 'https://thiet.mrecode.com/api/assets/groups_files/89802Sheet5_ComputerArithmetic.pdf', 70134, NULL, NULL, 'application/pdf', '2024-06-22 06:10:26', 1, 'without_notify', 42, NULL),
(156, 28, 135, 'text_message', NULL, 'https://classroom.google.com/c/NTU4NzI1MTE5Mjk3?cjc=m2bxkjo\nاللينك دا فيه محاضرات واسئلة بتاعت الدكتور .. الاسئلة نفسها اللي بيجيبها ف امتحاناته', NULL, NULL, NULL, NULL, NULL, '2024-06-22 06:13:38', 1, 'without_notify', 42, NULL),
(157, 28, 135, 'other', NULL, 'mid computer architecture.pdf', 'https://thiet.mrecode.com/api/assets/groups_files/79343mid computer architecture.pdf', 5188721, NULL, NULL, 'application/pdf', '2024-06-22 06:15:06', 1, 'without_notify', 42, NULL),
(158, 28, 135, 'other', NULL, 'final computer architecture.pdf', 'https://thiet.mrecode.com/api/assets/groups_files/16983final computer architecture.pdf', 6999080, NULL, NULL, 'application/pdf', '2024-06-22 06:15:47', 1, 'without_notify', 42, NULL),
(159, 28, 135, 'text_message', NULL, 'الميد يوم الاربعاء 30/11/2022 معانا لحد المحاضرة السادسة تقريبا .', NULL, NULL, NULL, NULL, NULL, '2024-06-22 06:16:26', 1, 'without_notify', 42, NULL),
(160, 28, 135, 'photo', NULL, 'scaled_1000338042.jpg', 'https://thiet.mrecode.com/api/assets/groups_files/47401scaled_1000338042.jpeg', 470938, 1280, 909, 'image/jpeg', '2024-06-22 06:16:40', 1, 'without_notify', 42, NULL),
(161, 28, 135, 'photo', NULL, 'scaled_1000338043.jpg', 'https://thiet.mrecode.com/api/assets/groups_files/21029scaled_1000338043.jpeg', 427106, 1280, 942, 'image/jpeg', '2024-06-22 06:16:44', 1, 'without_notify', 42, NULL),
(162, 28, 136, 'text_message', NULL, 'دي محاضرات المادة بتاعت حد ف الدفعة اللي قبلنا ..', NULL, NULL, NULL, NULL, NULL, '2024-06-22 06:17:30', 1, 'without_notify', 42, NULL),
(164, 28, 136, 'other', NULL, 'Computer Arc-3.pdf', 'https://thiet.mrecode.com/api/assets/groups_files/64113Computer Arc-3.pdf', 16408130, NULL, NULL, 'application/pdf', '2024-06-22 06:18:40', 1, 'without_notify', 42, NULL),
(165, 28, 136, 'text_message', NULL, 'ودا ملخص لحد الميد ..', NULL, NULL, NULL, NULL, NULL, '2024-06-22 06:19:20', 1, 'without_notify', 42, NULL),
(166, 28, 136, 'other', NULL, 'نظري بنيه حاسب.pdf', 'https://thiet.mrecode.com/api/assets/groups_files/48497نظري بنيه حاسب.pdf', 654131, NULL, NULL, 'application/pdf', '2024-06-22 06:19:54', 1, 'without_notify', 42, NULL),
(167, 28, 138, 'text_message', NULL, 'ملف الدكتور الحداد باعته ع الواتس ...', NULL, NULL, NULL, NULL, NULL, '2024-06-22 06:22:40', 1, 'without_notify', 42, NULL),
(168, 28, 138, 'other', NULL, 'Automatic Control-2022.pdf', 'https://thiet.mrecode.com/api/assets/groups_files/92766Automatic Control-2022.pdf', 3257139, NULL, NULL, 'application/pdf', '2024-06-22 06:23:04', 1, 'without_notify', 42, NULL),
(169, 28, 138, 'text_message', NULL, 'دا ملف اداهولنا ف المحاضرة 7', NULL, NULL, NULL, NULL, NULL, '2024-06-22 06:23:14', 1, 'without_notify', 42, NULL),
(170, 28, 138, 'other', NULL, 'CamScanner 12-03-2022 12.06.pdf', 'https://thiet.mrecode.com/api/assets/groups_files/29003CamScanner 12-03-2022 1206.pdf', 1421251, NULL, NULL, 'application/pdf', '2024-06-22 06:23:52', 1, 'without_notify', 42, NULL),
(171, 28, 138, 'text_message', NULL, 'Lec 8 control', NULL, NULL, NULL, NULL, NULL, '2024-06-22 06:24:12', 1, 'without_notify', 42, NULL),
(172, 28, 138, 'other', NULL, 'CamScanner 12-10-2022 12.24.pdf', 'https://thiet.mrecode.com/api/assets/groups_files/20630CamScanner 12-10-2022 1224.pdf', 544926, NULL, NULL, 'application/pdf', '2024-06-22 06:24:25', 1, 'without_notify', 42, NULL),
(173, 28, 138, 'text_message', NULL, 'Lec 9', NULL, NULL, NULL, NULL, NULL, '2024-06-22 06:24:42', 1, 'without_notify', 42, NULL),
(174, 28, 138, 'photo', NULL, 'scaled_1000338053.jpg', 'https://thiet.mrecode.com/api/assets/groups_files/30417scaled_1000338053.jpeg', 309568, 1280, 918, 'image/jpeg', '2024-06-22 06:24:57', 1, 'without_notify', 42, NULL),
(175, 28, 138, 'other', NULL, 'control lecture.pdf', 'https://thiet.mrecode.com/api/assets/groups_files/99489control lecture.pdf', 2696016, NULL, NULL, 'application/pdf', '2024-06-22 06:25:11', 1, 'without_notify', 42, NULL),
(177, 28, 139, 'text_message', NULL, 'د سالي مش راضية تبعت ملفات :(', NULL, NULL, NULL, NULL, NULL, '2024-06-22 06:26:00', 1, 'without_notify', 42, NULL),
(178, 28, 141, 'text_message', NULL, 'صفحة 26 ف ملف الدكتور ...\nقال نحلها بطريقتين\n22/10/2022', NULL, NULL, NULL, NULL, NULL, '2024-06-22 06:26:47', 1, 'without_notify', 42, NULL),
(179, 28, 141, 'photo', NULL, 'scaled_1000338055.jpg', 'https://thiet.mrecode.com/api/assets/groups_files/36083scaled_1000338055.jpeg', 111835, 775, 1050, 'image/jpeg', '2024-06-22 06:26:57', 1, 'without_notify', 42, NULL),
(180, 28, 141, 'text_message', NULL, 'حل شيت ص 26', NULL, NULL, NULL, NULL, NULL, '2024-06-22 06:27:16', 1, 'without_notify', 42, NULL),
(181, 28, 141, 'other', NULL, 'sheet 1 lec 2.pdf', 'https://thiet.mrecode.com/api/assets/groups_files/3717sheet 1 lec 2.pdf', 454920, NULL, NULL, 'application/pdf', '2024-06-22 06:27:29', 1, 'without_notify', 42, NULL),
(182, 28, 141, 'text_message', NULL, 'الدكتور محمد الحداد عايزنا نحل المسألة دي ونسلمها المحاضرة الجاية يوم ١٢/١١/٢٠٢٢ \nطبعا عايزنا نجيب ال A,B,C,D ونرسم ...', NULL, NULL, NULL, NULL, NULL, '2024-06-22 06:28:06', 1, 'without_notify', 42, NULL),
(183, 28, 141, 'photo', NULL, 'scaled_1000338057.jpg', 'https://thiet.mrecode.com/api/assets/groups_files/28859scaled_1000338057.jpeg', 181814, 576, 1280, 'image/jpeg', '2024-06-22 06:28:17', 1, 'without_notify', 42, NULL),
(184, 28, 141, 'other', NULL, 'sheet of Automatic control.pdf', 'https://thiet.mrecode.com/api/assets/groups_files/13958sheet of Automatic control.pdf', 521325, NULL, NULL, 'application/pdf', '2024-06-22 06:28:31', 1, 'without_notify', 42, NULL),
(185, 28, 141, 'text_message', NULL, 'قال نحاول نحلها عن طريق ال r(t) و impulse لان في مسألة زيها هتيجي ف الامتحان فلو معرفناش نحلها نقوله', NULL, NULL, NULL, NULL, NULL, '2024-06-22 06:28:55', 1, 'without_notify', 42, NULL),
(186, 28, 141, 'photo', NULL, 'scaled_1000338059.jpg', 'https://thiet.mrecode.com/api/assets/groups_files/8683scaled_1000338059.jpeg', 174580, 533, 1280, 'image/jpeg', '2024-06-22 06:29:02', 1, 'without_notify', 42, NULL),
(187, 28, 141, 'other', NULL, 'Sheet 1.pdf', 'https://thiet.mrecode.com/api/assets/groups_files/92770Sheet 1.pdf', 178889, NULL, NULL, 'application/pdf', '2024-06-22 06:29:16', 1, 'without_notify', 42, NULL),
(188, 28, 141, 'other', NULL, 'Sheet 2.pdf', 'https://thiet.mrecode.com/api/assets/groups_files/59782Sheet 2.pdf', 197969, NULL, NULL, 'application/pdf', '2024-06-22 06:29:20', 1, 'without_notify', 42, NULL),
(189, 28, 142, 'text_message', NULL, '24/10/2022', NULL, NULL, NULL, NULL, NULL, '2024-06-22 06:29:53', 1, 'without_notify', 42, NULL),
(190, 28, 142, 'photo', NULL, 'scaled_1000338062.jpg', 'https://thiet.mrecode.com/api/assets/groups_files/65965scaled_1000338062.jpeg', 202376, 688, 1280, 'image/jpeg', '2024-06-22 06:30:01', 1, 'without_notify', 42, NULL),
(191, 28, 142, 'text_message', NULL, 'خدنا يوم 31/10/2022 المسألة دي .. عايزين ال T.F \nالمفروض تتسلم يوم الثلاثاء 8/11/2022 ع اساس انها قالت هتبدل سكشن التحكم ب تنظيم وبنية الحاسب', NULL, NULL, NULL, NULL, NULL, '2024-06-22 06:30:23', 1, 'without_notify', 42, NULL),
(192, 28, 142, 'photo', NULL, 'scaled_1000338063.jpg', 'https://thiet.mrecode.com/api/assets/groups_files/92743scaled_1000338063.jpeg', 213203, 623, 1280, 'image/jpeg', '2024-06-22 06:30:30', 1, 'without_notify', 42, NULL),
(193, 28, 142, 'text_message', NULL, 'دا شيت من الدكتور سالي في التحكم الالي .. عايزة كله محلول ..\nمعانا التسليم لحد اخر سكشن', NULL, NULL, NULL, NULL, NULL, '2024-06-22 06:30:54', 1, 'without_notify', 42, NULL),
(194, 28, 142, 'other', NULL, 'complate _sheet_1 (5).PDF.pdf', 'https://thiet.mrecode.com/api/assets/groups_files/70392complate _sheet_1 (5)PDF.pdf', 116992, NULL, NULL, 'application/pdf', '2024-06-22 06:31:00', 1, 'without_notify', 42, NULL),
(195, 28, 142, 'text_message', NULL, 'دا يتحل ويتسلم مع الشبت التاني يوم الاتنين الجاي', NULL, NULL, NULL, NULL, NULL, '2024-06-22 06:31:14', 1, 'without_notify', 42, NULL),
(196, 28, 142, 'other', NULL, 'complate proplem ch3_102758.pdf', 'https://thiet.mrecode.com/api/assets/groups_files/57765complate proplem ch3_102758.pdf', 154223, NULL, NULL, 'application/pdf', '2024-06-22 06:31:23', 1, 'without_notify', 42, NULL),
(197, 28, 143, 'other', NULL, 'mid control.pdf', 'https://thiet.mrecode.com/api/assets/groups_files/70487mid control.pdf', 2494189, NULL, NULL, 'application/pdf', '2024-06-22 06:32:49', 1, 'without_notify', 42, NULL),
(198, 28, 143, 'other', NULL, 'final automatic control.pdf', 'https://thiet.mrecode.com/api/assets/groups_files/78355final automatic control.pdf', 2928877, NULL, NULL, 'application/pdf', '2024-06-22 06:32:59', 1, 'without_notify', 42, NULL),
(199, 28, 143, 'text_message', NULL, 'الميد يوم السبت 19/11/2022 معانا اول شبترين ف الكتاب .', NULL, NULL, NULL, NULL, NULL, '2024-06-22 06:33:19', 1, 'without_notify', 42, NULL),
(200, 28, 143, 'photo', NULL, 'scaled_1000338068.jpg', 'https://thiet.mrecode.com/api/assets/groups_files/13542scaled_1000338068.jpeg', 375285, 1280, 937, 'image/jpeg', '2024-06-22 06:33:26', 1, 'without_notify', 42, NULL),
(201, 28, 143, 'photo', NULL, 'scaled_1000338069.jpg', 'https://thiet.mrecode.com/api/assets/groups_files/2240scaled_1000338069.jpeg', 344192, 1280, 918, 'image/jpeg', '2024-06-22 06:33:30', 1, 'without_notify', 42, NULL),
(202, 28, 143, 'photo', NULL, 'scaled_1000338070.jpg', 'https://thiet.mrecode.com/api/assets/groups_files/47760scaled_1000338070.jpeg', 194820, 1280, 720, 'image/jpeg', '2024-06-22 06:33:36', 1, 'without_notify', 42, NULL),
(203, 28, 143, 'photo', NULL, 'scaled_1000338071.jpg', 'https://thiet.mrecode.com/api/assets/groups_files/64548scaled_1000338071.jpeg', 180700, 1280, 720, 'image/jpeg', '2024-06-22 06:33:56', 1, 'without_notify', 42, NULL),
(204, 28, 143, 'photo', NULL, 'scaled_1000338072.jpg', 'https://thiet.mrecode.com/api/assets/groups_files/75569scaled_1000338072.jpeg', 179114, 1280, 720, 'image/jpeg', '2024-06-22 06:34:00', 1, 'without_notify', 42, NULL),
(206, 28, 146, 'text_message', NULL, 'دي مسألة بحلها', NULL, NULL, NULL, NULL, NULL, '2024-06-22 06:37:10', 1, 'without_notify', 42, NULL),
(207, 28, 146, 'photo', NULL, 'scaled_1000338074.png', 'https://thiet.mrecode.com/api/assets/groups_files/98549scaled_1000338074.png', 22662, 702, 547, 'image/png', '2024-06-22 06:37:17', 1, 'without_notify', 42, NULL),
(208, 28, 146, 'text_message', NULL, 'ودي كمان مسألة', NULL, NULL, NULL, NULL, NULL, '2024-06-22 06:37:34', 1, 'without_notify', 42, NULL),
(209, 28, 146, 'photo', NULL, 'scaled_1000338076.png', 'https://thiet.mrecode.com/api/assets/groups_files/93905scaled_1000338076.png', 40052, 788, 726, 'image/png', '2024-06-22 06:37:44', 1, 'without_notify', 42, NULL),
(210, 28, 146, 'text_message', NULL, 'في بروجكت المفروض يتعمل .. ادخل ع الشيتات', NULL, NULL, NULL, NULL, NULL, '2024-06-22 06:38:05', 1, 'without_notify', 42, NULL),
(211, 28, 148, 'text_message', NULL, 'دي مسألة للدكتور الصاوي خدناها 29/10/2022 عايزنا نعمل class بيعمل الكلام دا ... المفروض تتسلم يوم السبت 5/11/2022', NULL, NULL, NULL, NULL, NULL, '2024-06-22 06:39:30', 1, 'without_notify', 42, NULL),
(212, 28, 148, 'photo', NULL, 'scaled_1000338077.jpg', 'https://thiet.mrecode.com/api/assets/groups_files/978scaled_1000338077.jpeg', 53175, 880, 1052, 'image/jpeg', '2024-06-22 06:39:36', 1, 'without_notify', 42, NULL),
(213, 28, 148, 'text_message', NULL, 'الدكتور الصاوي عايز شيت يتسلم يوم السبت ١٢/١١/٢٠٢٢ ..\nالشيت عبارة عن class بيورث من class تاني \nال  class ال base هو عبارة عن animal\nاما التاني فعبارة عن human ..', NULL, NULL, NULL, NULL, NULL, '2024-06-22 06:40:02', 1, 'without_notify', 42, NULL),
(214, 28, 149, 'text_message', NULL, 'دي شيت خدناه يوم 26/10/2022', NULL, NULL, NULL, NULL, NULL, '2024-06-22 06:40:55', 1, 'without_notify', 42, NULL),
(215, 28, 149, 'photo', NULL, 'scaled_1000338078.jpg', 'https://thiet.mrecode.com/api/assets/groups_files/27745scaled_1000338078.jpeg', 184124, 1280, 576, 'image/jpeg', '2024-06-22 06:41:02', 1, 'without_notify', 42, NULL),
(216, 28, 149, 'text_message', NULL, 'شرح الباقي ف المسألة ...', NULL, NULL, NULL, NULL, NULL, '2024-06-22 06:41:20', 1, 'without_notify', 42, NULL),
(217, 28, 149, 'photo', NULL, 'scaled_1000338079.jpg', 'https://thiet.mrecode.com/api/assets/groups_files/41421scaled_1000338079.jpeg', 117320, 617, 1080, 'image/jpeg', '2024-06-22 06:41:25', 1, 'without_notify', 42, NULL),
(218, 28, 149, 'text_message', NULL, 'دا حلها .. لو حد لقاه غلط يقول ♥️', NULL, NULL, NULL, NULL, NULL, '2024-06-22 06:41:40', 1, 'without_notify', 42, NULL),
(219, 28, 149, 'photo', NULL, 'scaled_1000338083.jpg', 'https://thiet.mrecode.com/api/assets/groups_files/6824scaled_1000338083.jpeg', 165203, 971, 1080, 'image/jpeg', '2024-06-22 06:42:18', 1, 'without_notify', 42, NULL),
(220, 28, 149, 'text_message', NULL, 'الشيت دا المفروض يتسلم يوم 9/11/2022 للبشمهندس\nوهيبقا في كويز ع المسائل اللي زي دي ان شاء الله', NULL, NULL, NULL, NULL, NULL, '2024-06-22 06:45:01', 1, 'without_notify', 42, NULL),
(221, 28, 149, 'photo', NULL, 'scaled_1000338084.jpg', 'https://thiet.mrecode.com/api/assets/groups_files/72897scaled_1000338084.jpeg', 166331, 1280, 777, 'image/jpeg', '2024-06-22 06:45:17', 1, 'without_notify', 42, NULL),
(222, 28, 149, 'text_message', NULL, 'البشمهندس طلب مننا بروجكت فبعت دا ع تيمز  \"مشروع العملى برنامج الموظفين والمكتبه واقصى موعد للتسليم يوم الاربعاء الموافق 21/12/2022 واقصى عدد للفريق هم 4 فقط\"', NULL, NULL, NULL, NULL, NULL, '2024-06-22 06:46:19', 1, 'without_notify', 42, NULL),
(235, 28, 151, 'other', NULL, 'account.pdf', 'https://thiet.mrecode.com/api/assets/groups_files/15595account.pdf', 125839, NULL, NULL, 'application/pdf', '2024-06-22 06:52:17', 1, 'without_notify', 42, NULL),
(236, 28, 151, 'other', NULL, 'box & rectangle.pdf', 'https://thiet.mrecode.com/api/assets/groups_files/70934box & rectangle.pdf', 125554, NULL, NULL, 'application/pdf', '2024-06-22 06:52:21', 1, 'without_notify', 42, NULL),
(237, 28, 151, 'other', NULL, 'clockTime.pdf', 'https://thiet.mrecode.com/api/assets/groups_files/71984clockTime.pdf', 128402, NULL, NULL, 'application/pdf', '2024-06-22 06:52:24', 1, 'without_notify', 42, NULL),
(238, 28, 151, 'other', NULL, 'cylinder.pdf', 'https://thiet.mrecode.com/api/assets/groups_files/10801cylinder.pdf', 121768, NULL, NULL, 'application/pdf', '2024-06-22 06:52:28', 1, 'without_notify', 42, NULL),
(239, 28, 151, 'other', NULL, 'data structures.pdf', 'https://thiet.mrecode.com/api/assets/groups_files/5977data structures.pdf', 918715, NULL, NULL, 'application/pdf', '2024-06-22 06:52:34', 1, 'without_notify', 42, NULL),
(240, 28, 151, 'other', NULL, 'personType.pdf', 'https://thiet.mrecode.com/api/assets/groups_files/58900personType.pdf', 118455, NULL, NULL, 'application/pdf', '2024-06-22 06:52:36', 1, 'without_notify', 42, NULL),
(241, 28, 151, 'other', NULL, 'polyugon.pdf', 'https://thiet.mrecode.com/api/assets/groups_files/8910polyugon.pdf', 120966, NULL, NULL, 'application/pdf', '2024-06-22 06:52:40', 1, 'without_notify', 42, NULL),
(242, 28, 150, 'other', NULL, 'mid data structure.pdf', 'https://thiet.mrecode.com/api/assets/groups_files/9449mid data structure.pdf', 4483944, NULL, NULL, 'application/pdf', '2024-06-22 06:53:42', 1, 'without_notify', 42, NULL),
(243, 28, 150, 'other', NULL, 'final Data structure.pdf', 'https://thiet.mrecode.com/api/assets/groups_files/79193final Data structure.pdf', 1826178, NULL, NULL, 'application/pdf', '2024-06-22 06:53:45', 1, 'without_notify', 42, NULL),
(244, 28, 150, 'text_message', NULL, 'الميد ان شاء الله يوم السبت 3/12/2022\nمعانا لاخر ال oop', NULL, NULL, NULL, NULL, NULL, '2024-06-22 06:53:47', 1, 'without_notify', 42, NULL),
(245, 28, 150, 'photo', NULL, 'scaled_1000338088.jpg', 'https://thiet.mrecode.com/api/assets/groups_files/34461scaled_1000338088.jpeg', 476078, 1280, 968, 'image/jpeg', '2024-06-22 06:53:54', 1, 'without_notify', 42, NULL),
(246, 28, 150, 'photo', NULL, 'scaled_1000338087.jpg', 'https://thiet.mrecode.com/api/assets/groups_files/6334scaled_1000338087.jpeg', 422723, 1280, 927, 'image/jpeg', '2024-06-22 06:54:01', 1, 'without_notify', 42, NULL),
(247, 28, 153, 'other', NULL, 'Review on Bipolar Junction Transistors.pdf', 'https://thiet.mrecode.com/api/assets/groups_files/33143Review on Bipolar Junction Transistors.pdf', 1798728, NULL, NULL, 'application/pdf', '2024-06-22 06:55:40', 1, 'without_notify', 42, NULL),
(248, 28, 153, 'other', NULL, 'Sheet_1_Electronics_solved.pdf', 'https://thiet.mrecode.com/api/assets/groups_files/64254Sheet_1_Electronics_solved.pdf', 1080942, NULL, NULL, 'application/pdf', '2024-06-22 06:55:45', 1, 'without_notify', 42, NULL),
(249, 28, 153, 'other', NULL, 'sheet_2 Solved.pdf', 'https://thiet.mrecode.com/api/assets/groups_files/70970sheet_2 Solved.pdf', 979838, NULL, NULL, 'application/pdf', '2024-06-22 06:55:49', 1, 'without_notify', 42, NULL),
(250, 28, 153, 'other', NULL, 'Sheet_3_solved.pdf', 'https://thiet.mrecode.com/api/assets/groups_files/72918Sheet_3_solved.pdf', 1057462, NULL, NULL, 'application/pdf', '2024-06-22 06:55:54', 1, 'without_notify', 42, NULL),
(251, 28, 153, 'other', NULL, 'LEC_2 The transistor AC modeling.pdf', 'https://thiet.mrecode.com/api/assets/groups_files/13956LEC_2 The transistor AC modeling.pdf', 477458, NULL, NULL, 'application/pdf', '2024-06-22 06:56:25', 1, 'without_notify', 42, NULL),
(252, 28, 153, 'other', NULL, 'lec 9 electronics (1).pdf', 'https://thiet.mrecode.com/api/assets/groups_files/70749lec 9 electronics (1).pdf', 2036077, NULL, NULL, 'application/pdf', '2024-06-22 06:57:09', 1, 'without_notify', 42, NULL),
(253, 28, 153, 'other', NULL, 'lec 11 electronics.pdf', 'https://thiet.mrecode.com/api/assets/groups_files/82261lec 11 electronics.pdf', 1748703, NULL, NULL, 'application/pdf', '2024-06-22 06:57:18', 1, 'without_notify', 42, NULL),
(254, 28, 153, 'other', NULL, 'to lec 5 electronics.pdf', 'https://thiet.mrecode.com/api/assets/groups_files/92223to lec 5 electronics.pdf', 8401321, NULL, NULL, 'application/pdf', '2024-06-22 06:57:21', 1, 'without_notify', 42, NULL),
(255, 28, 153, 'other', NULL, 'lec 10 electronics.pdf', 'https://thiet.mrecode.com/api/assets/groups_files/39949lec 10 electronics.pdf', 3496541, NULL, NULL, 'application/pdf', '2024-06-22 06:57:38', 1, 'without_notify', 42, NULL),
(256, 28, 153, 'other', NULL, 'اخر محاضرة الكترونكس.pdf', 'https://thiet.mrecode.com/api/assets/groups_files/49330اخر محاضرة الكترونكس.pdf', 4028761, NULL, NULL, 'application/pdf', '2024-06-22 06:57:40', 1, 'without_notify', 42, NULL),
(257, 28, 156, 'other', NULL, 'mid electronics (1).pdf', 'https://thiet.mrecode.com/api/assets/groups_files/62799mid electronics (1).pdf', 3871835, NULL, NULL, 'application/pdf', '2024-06-22 06:59:01', 1, 'without_notify', 42, NULL),
(258, 28, 156, 'other', NULL, 'final electronics.pdf', 'https://thiet.mrecode.com/api/assets/groups_files/4404final electronics.pdf', 5676780, NULL, NULL, 'application/pdf', '2024-06-22 06:59:18', 1, 'without_notify', 42, NULL),
(259, 28, 156, 'text_message', NULL, 'الميد يوم الاتنين 5/12/2022 معانا لحد المحاضرة السابعه تقريبا .', NULL, NULL, NULL, NULL, NULL, '2024-06-22 06:59:19', 1, 'without_notify', 42, NULL),
(260, 28, 156, 'photo', NULL, 'scaled_1000338119.jpg', 'https://thiet.mrecode.com/api/assets/groups_files/59292scaled_1000338119.jpeg', 424757, 1280, 927, 'image/jpeg', '2024-06-22 06:59:27', 1, 'without_notify', 42, NULL),
(261, 28, 156, 'photo', NULL, 'scaled_1000338118.jpg', 'https://thiet.mrecode.com/api/assets/groups_files/17922scaled_1000338118.jpeg', 381886, 1280, 1024, 'image/jpeg', '2024-06-22 06:59:30', 1, 'without_notify', 42, NULL),
(262, 28, 156, 'other', NULL, 'Mid term answer.pdf', 'https://thiet.mrecode.com/api/assets/groups_files/24956Mid term answer.pdf', 721589, NULL, NULL, 'application/pdf', '2024-06-22 06:59:38', 1, 'without_notify', 42, NULL),
(263, 28, 156, 'photo', NULL, 'scaled_1000338122.jpg', 'https://thiet.mrecode.com/api/assets/groups_files/92257scaled_1000338122.jpeg', 164092, 1280, 720, 'image/jpeg', '2024-06-22 06:59:59', 1, 'without_notify', 42, NULL),
(264, 28, 156, 'photo', NULL, 'scaled_1000338120.jpg', 'https://thiet.mrecode.com/api/assets/groups_files/50268scaled_1000338120.jpeg', 212631, 1280, 720, 'image/jpeg', '2024-06-22 07:00:05', 1, 'without_notify', 42, NULL),
(265, 28, 156, 'photo', NULL, 'scaled_1000338121.jpg', 'https://thiet.mrecode.com/api/assets/groups_files/9028scaled_1000338121.jpeg', 244908, 1280, 720, 'image/jpeg', '2024-06-22 07:00:07', 1, 'without_notify', 42, NULL),
(266, 28, 155, 'other', NULL, 'Sheet 1_ELECTRONIC.pdf', 'https://thiet.mrecode.com/api/assets/groups_files/23861Sheet 1_ELECTRONIC.pdf', 371085, NULL, NULL, 'application/pdf', '2024-06-22 07:00:54', 1, 'without_notify', 42, NULL),
(267, 28, 155, 'other', NULL, 'Sheet_2.pdf', 'https://thiet.mrecode.com/api/assets/groups_files/67855Sheet_2.pdf', 433117, NULL, NULL, 'application/pdf', '2024-06-22 07:00:59', 1, 'without_notify', 42, NULL),
(268, 28, 155, 'text_message', NULL, 'دول شيتات خدناهم يوم 24/10/2022 يتسلموا المحاضرة الجاية', NULL, NULL, NULL, NULL, NULL, '2024-06-22 07:01:04', 1, 'without_notify', 42, NULL),
(269, 28, 155, 'text_message', NULL, 'دا شيت المفروض بتسلم ل د سامية يوم الاتنين 14/11/2022', NULL, NULL, NULL, NULL, NULL, '2024-06-22 07:01:17', 1, 'without_notify', 42, NULL),
(270, 28, 155, 'photo', NULL, 'scaled_1000338130.jpg', 'https://thiet.mrecode.com/api/assets/groups_files/78955scaled_1000338130.jpeg', 184695, 808, 683, 'image/jpeg', '2024-06-22 07:01:22', 1, 'without_notify', 42, NULL),
(271, 28, 155, 'other', NULL, 'Sheet_1_Electronics_solved.pdf', 'https://thiet.mrecode.com/api/assets/groups_files/12254Sheet_1_Electronics_solved.pdf', 1080942, NULL, NULL, 'application/pdf', '2024-06-22 07:01:54', 1, 'without_notify', 42, NULL),
(272, 28, 155, 'other', NULL, 'sheet_2 Solved.pdf', 'https://thiet.mrecode.com/api/assets/groups_files/89328sheet_2 Solved.pdf', 979838, NULL, NULL, 'application/pdf', '2024-06-22 07:02:01', 1, 'without_notify', 42, NULL),
(273, 28, 155, 'other', NULL, 'Sheet_3_solved.pdf', 'https://thiet.mrecode.com/api/assets/groups_files/90593Sheet_3_solved.pdf', 1057462, NULL, NULL, 'application/pdf', '2024-06-22 07:02:05', 1, 'without_notify', 42, NULL),
(274, 28, 155, 'text_message', NULL, 'المفروض يتسلم نفس يوم امتحان الميد لان مفيش محاضرة يوم 28', NULL, NULL, NULL, NULL, NULL, '2024-06-22 07:02:37', 1, 'without_notify', 42, NULL),
(275, 28, 155, 'photo', NULL, 'scaled_1000338134.jpg', 'https://thiet.mrecode.com/api/assets/groups_files/31990scaled_1000338134.jpeg', 334086, 1040, 1215, 'image/jpeg', '2024-06-22 07:02:46', 1, 'without_notify', 42, NULL),
(276, 28, 155, 'photo', NULL, 'scaled_1000338136.jpg', 'https://thiet.mrecode.com/api/assets/groups_files/60796scaled_1000338136.jpeg', 344502, 1280, 1060, 'image/jpeg', '2024-06-22 07:03:08', 1, 'without_notify', 42, NULL),
(277, 28, 155, 'photo', NULL, 'scaled_1000338135.jpg', 'https://thiet.mrecode.com/api/assets/groups_files/59422scaled_1000338135.jpeg', 227898, 800, 779, 'image/jpeg', '2024-06-22 07:03:14', 1, 'without_notify', 42, NULL),
(278, 28, 155, 'text_message', NULL, 'يتحلوا ويتسلموا المحاضرة الجاية', NULL, NULL, NULL, NULL, NULL, '2024-06-22 07:03:21', 1, 'without_notify', 42, NULL),
(279, 28, 157, 'text_message', NULL, 'ملخص اول محاضرتين ل م عبدالرحمن صالح', NULL, NULL, NULL, NULL, NULL, '2024-06-22 07:03:56', 1, 'without_notify', 42, NULL),
(280, 28, 157, 'other', NULL, 'هندسه الالكترونيات.     eng AMS.pdf', 'https://thiet.mrecode.com/api/assets/groups_files/5933هندسه الالكترونيات     eng AMS.pdf', 3029902, NULL, NULL, 'application/pdf', '2024-06-22 07:04:19', 1, 'without_notify', 42, NULL),
(283, 27, 107, 'other', NULL, 'اتصالات متحركة.pdf', 'https://thiet.mrecode.com/api/assets/groups_files/56270اتصالات متحركة.pdf', 16693476, NULL, NULL, 'application/pdf', '2024-06-23 04:53:28', 1, 'without_notify', 42, NULL);

-- --------------------------------------------------------

--
-- Table structure for table `group_activity_direction`
--

CREATE TABLE `group_activity_direction` (
  `direction_id` int(11) NOT NULL,
  `group_id` int(11) NOT NULL,
  `direction_address` varchar(255) NOT NULL,
  `direction_max_count_activity` int(11) NOT NULL DEFAULT 100,
  `inside_direction_id` int(11) DEFAULT NULL,
  `direction_is_approved` tinyint(1) NOT NULL,
  `direction_owner_id` int(11) NOT NULL
) ENGINE=InnoDB DEFAULT CHARSET=utf8mb3 COLLATE=utf8mb3_general_ci;

--
-- Dumping data for table `group_activity_direction`
--

INSERT INTO `group_activity_direction` (`direction_id`, `group_id`, `direction_address`, `direction_max_count_activity`, `inside_direction_id`, `direction_is_approved`, `direction_owner_id`) VALUES
(18, 9, 'Ff', 100, NULL, 1, 42),
(22, 8, 'ali', 100, NULL, 1, 42),
(23, 8, 'ali', 100, NULL, 1, 50),
(26, 8, 'm', 100, NULL, 1, 50),
(39, 9, 'Mohammed', 1000, NULL, 1, 58),
(40, 11, 'Boma', 100, NULL, 1, 42),
(41, 11, 'Bom1234a', 100, NULL, 1, 42),
(42, 11, '', 100, NULL, 0, 42),
(43, 11, 'bacfghre', 100, NULL, 0, 42),
(54, 23, 'Iifdfg', 1000, NULL, 1, 42),
(58, 24, 'Kkkk', 1000, NULL, 0, 58),
(59, 24, 'Jjhhhh', 1000, NULL, 0, 58),
(63, 24, 'Kkkkk', 1000, NULL, 1, 58),
(64, 8, 'Jjjjj', 1000, NULL, 0, 42),
(65, 8, 'Uuuuu', 1000, NULL, 1, 42),
(66, 25, 'تتااعه', 1000, NULL, 1, 42),
(68, 24, 'Software Engineering', 1000, NULL, 1, 58),
(69, 24, 'Aaaa', 1000, NULL, 0, 42),
(70, 27, 'Subjects', 1000, NULL, 1, 42),
(71, 27, 'Others', 1000, NULL, 1, 42),
(72, 27, 'Advanced Programming', 1000, 70, 1, 42),
(74, 27, 'Artificial Intelligence', 1000, 70, 1, 42),
(75, 27, 'Embedded Systems', 1000, 70, 1, 42),
(76, 27, 'Mobile Communications', 1000, 70, 1, 42),
(77, 27, 'Data', 1000, 72, 1, 42),
(78, 27, 'Sheets', 1000, 72, 1, 42),
(79, 27, 'Exams', 1000, 72, 1, 42),
(80, 27, 'Records', 1000, 72, 1, 42),
(81, 27, 'Other', 1000, 72, 1, 42),
(83, 27, 'Lectures', 1000, 77, 1, 42),
(84, 27, 'Sections', 1000, 77, 1, 42),
(85, 27, 'Lectures Sheets', 1000, 78, 1, 42),
(86, 27, 'Sections Sheets', 1000, 78, 1, 42),
(87, 27, 'Lectures Records', 1000, 80, 1, 42),
(88, 27, 'Sections Records', 1000, 80, 1, 42),
(89, 27, 'Data', 1000, 74, 1, 42),
(90, 27, 'Sheets', 1000, 74, 1, 42),
(91, 27, 'Exams', 1000, 74, 1, 42),
(92, 27, 'Records', 1000, 74, 1, 42),
(93, 27, 'Others', 1000, 74, 1, 42),
(94, 27, 'Lectures', 1000, 89, 1, 42),
(95, 27, 'Sections', 1000, 89, 1, 42),
(96, 27, 'Sections Sheets', 1000, 90, 1, 42),
(97, 27, 'Lectures Sheets', 1000, 90, 1, 42),
(99, 27, 'Data', 1000, 75, 1, 42),
(100, 27, 'Lectures', 1000, 99, 1, 42),
(101, 27, 'Sections', 1000, 99, 1, 42),
(102, 27, 'Sheets', 1000, 75, 1, 42),
(103, 27, 'Lectures Sheets', 1000, 102, 1, 42),
(104, 27, 'Sections Sheets', 1000, 102, 1, 42),
(105, 27, 'Exams', 1000, 75, 1, 42),
(106, 27, 'Others', 1000, 75, 1, 42),
(107, 27, 'Data', 1000, 76, 1, 42),
(108, 27, 'Lectures', 1000, 107, 1, 42),
(109, 27, 'Sections', 1000, 107, 1, 42),
(110, 27, 'Sheets', 1000, 76, 1, 42),
(111, 27, 'Exams', 1000, 76, 1, 42),
(112, 27, 'Others', 1000, 76, 1, 42),
(113, 27, 'Lectures Sheets', 1000, 110, 1, 42),
(114, 27, 'Sections Sheets', 1000, 110, 1, 42),
(115, 27, 'GPA', 1000, 71, 1, 42),
(116, 27, 'Tables', 1000, 71, 1, 42),
(117, 27, 'Helper Tools', 1000, 71, 1, 42),
(118, 27, 'الجدول الدراسي', 1000, 116, 1, 42),
(119, 27, 'جدول الميد', 1000, 116, 1, 42),
(120, 27, 'جدول الفاينل', 1000, 116, 1, 42),
(121, 28, 'Computer Architecture', 1000, NULL, 1, 42),
(122, 28, 'Automatic Control', 1000, NULL, 1, 42),
(124, 28, 'Data Structure', 1000, NULL, 1, 42),
(125, 28, 'Electronics', 1000, NULL, 1, 42),
(126, 28, 'Environmental impact', 1000, NULL, 1, 42),
(127, 28, 'Business Management', 1000, NULL, 1, 42),
(128, 28, 'Data', 1000, 121, 1, 42),
(129, 28, 'Lectures', 1000, 128, 1, 42),
(130, 28, 'Sections', 1000, 128, 1, 42),
(131, 28, 'Sheets', 1000, 121, 1, 42),
(132, 28, 'Lectures Sheets', 1000, 131, 1, 42),
(133, 28, 'Sections Sheets', 1000, 131, 1, 42),
(134, 28, 'Records', 1000, 121, 1, 42),
(135, 28, 'Exams', 1000, 121, 1, 42),
(136, 28, 'Others', 1000, 121, 1, 42),
(137, 28, 'Data', 1000, 122, 1, 42),
(138, 28, 'Lectures', 1000, 137, 1, 42),
(139, 28, 'Sections', 1000, 137, 1, 42),
(140, 28, 'Sheets', 1000, 122, 1, 42),
(141, 28, 'Lectures Sheets', 1000, 140, 1, 42),
(142, 28, 'Sections Sheets', 1000, 140, 1, 42),
(143, 28, 'Exams', 1000, 122, 1, 42),
(144, 28, 'Data', 1000, 124, 1, 42),
(145, 28, 'Lectures', 1000, 144, 1, 42),
(146, 28, 'Sections', 1000, 144, 1, 42),
(147, 28, 'Sheets', 1000, 124, 1, 42),
(148, 28, 'Lectures Sheets', 1000, 147, 1, 42),
(149, 28, 'Sections Sheets', 1000, 147, 1, 42),
(150, 28, 'Exams', 1000, 124, 1, 42),
(151, 28, 'Other', 1000, 124, 1, 42),
(152, 28, 'Data', 1000, 125, 1, 42),
(153, 28, 'Lectures', 1000, 152, 1, 42),
(154, 28, 'Sections', 1000, 152, 1, 42),
(155, 28, 'Sheets', 1000, 125, 1, 42),
(156, 28, 'Exams', 1000, 125, 1, 42),
(157, 28, 'Others', 1000, 125, 1, 42),
(165, 5, 'Instructions', 1000, NULL, 1, 42),
(166, 5, 'Achievements', 1000, NULL, 1, 42),
(168, 5, 'Fire Instructions', 1000, 165, 1, 42),
(169, 5, 'دليل الطالب', 1000, 165, 1, 42);

-- --------------------------------------------------------

--
-- Table structure for table `group_activity_seen`
--

CREATE TABLE `group_activity_seen` (
  `activity_id` int(11) NOT NULL,
  `member_id` int(11) NOT NULL,
  `seen_time` datetime DEFAULT NULL,
  `delivery_time` datetime DEFAULT NULL
) ENGINE=InnoDB DEFAULT CHARSET=utf8mb3 COLLATE=utf8mb3_general_ci;

-- --------------------------------------------------------

--
-- Table structure for table `group_deails`
--

CREATE TABLE `group_deails` (
  `group_id` int(11) NOT NULL,
  `group_name` varchar(255) NOT NULL,
  `group_owner_id` int(11) NOT NULL,
  `group_creation_date` datetime NOT NULL DEFAULT current_timestamp(),
  `group_description` varchar(300) DEFAULT NULL,
  `group_visibility` enum('public','private','organization_only') NOT NULL DEFAULT 'public',
  `group_access_type` enum('only_read','read_write','read_write_with_admin_permission') NOT NULL DEFAULT 'read_write_with_admin_permission',
  `group_category` enum('personal','business') NOT NULL,
  `group_image` varchar(255) DEFAULT NULL,
  `group_type` enum('public','private','organization_only') NOT NULL DEFAULT 'public',
  `group_discussion_type` enum('exist','not_exist','exist_but_closed') NOT NULL,
  `group_status` enum('active','inactive','suspended','deleted','pending') NOT NULL DEFAULT 'active',
  `group_status_message` varchar(255) DEFAULT NULL
) ENGINE=InnoDB DEFAULT CHARSET=utf8mb3 COLLATE=utf8mb3_general_ci;

--
-- Dumping data for table `group_deails`
--

INSERT INTO `group_deails` (`group_id`, `group_name`, `group_owner_id`, `group_creation_date`, `group_description`, `group_visibility`, `group_access_type`, `group_category`, `group_image`, `group_type`, `group_discussion_type`, `group_status`, `group_status_message`) VALUES
(5, 'Fourth, THIET test', 42, '2024-03-25 08:40:38', NULL, 'public', 'read_write', 'personal', 'https://thiet.mrecode.com/api/assets/groups_files/51305image_cropper_1718881808900.jpg', 'public', 'exist', 'active', NULL),
(8, 'Test 2', 58, '2024-04-18 10:23:42', NULL, 'public', 'read_write', 'personal', 'https://thiet.mrecode.com/api/assets/groups_files/43660image_cropper_1718839637976.jpg', 'public', 'exist', 'active', NULL),
(9, 'AM', 50, '2024-04-23 03:29:55', NULL, 'public', 'read_write_with_admin_permission', 'personal', '12.jpg', 'public', 'exist', 'deleted', NULL),
(11, 'تومه', 57, '2024-05-15 11:22:15', NULL, 'public', 'read_write_with_admin_permission', 'personal', NULL, 'public', 'exist', 'active', NULL),
(12, 'ggggg', 50, '2024-06-13 10:55:19', 'mdfgaswdeg', 'public', 'read_write_with_admin_permission', 'personal', 'https://thiet.mrecode.com/api/assets/groups_files/ext', 'public', 'exist', 'deleted', NULL),
(13, 'ggggg', 42, '2024-06-20 10:08:32', 'mdfgaswdeg', 'public', 'read_write_with_admin_permission', 'personal', 'https://thiet.mrecode.com/api/assets/groups_files/ext', 'public', 'exist', 'deleted', NULL),
(14, 'iiii', 42, '2024-06-20 10:57:19', NULL, 'public', 'read_write_with_admin_permission', 'personal', 'https://thiet.mrecode.com/api/assets/groups_files/55662image_cropper_1718906228611.jpg', 'public', 'not_exist', 'deleted', NULL),
(15, 'oooo', 42, '2024-06-20 11:00:29', NULL, 'public', 'read_write_with_admin_permission', 'personal', 'https://thiet.mrecode.com/api/assets/groups_files/ext', 'public', 'exist', 'active', NULL),
(16, 'ooook', 42, '2024-06-20 11:03:33', NULL, 'public', 'read_write_with_admin_permission', 'personal', 'https://thiet.mrecode.com/api/assets/groups_files/ext', 'public', 'exist', 'active', NULL),
(17, 'ooookadddxgggf', 42, '2024-06-20 11:04:04', NULL, 'public', 'read_write_with_admin_permission', 'personal', 'https://thiet.mrecode.com/api/assets/groups_files/ext', 'public', 'exist', 'deleted', NULL),
(18, 'ooookadddxgggfvv', 42, '2024-06-20 11:04:29', NULL, 'public', 'read_write_with_admin_permission', 'personal', 'https://thiet.mrecode.com/api/assets/groups_files/ext', 'public', 'exist', 'active', NULL),
(19, 'ooookadddxg', 42, '2024-06-20 11:06:35', NULL, 'public', 'read_write_with_admin_permission', 'personal', 'https://thiet.mrecode.com/api/assets/groups_files/ext', 'public', 'exist', 'deleted', NULL),
(20, 'ooookadddxgl', 42, '2024-06-20 11:08:36', NULL, 'public', 'read_write_with_admin_permission', 'personal', 'https://thiet.mrecode.com/api/assets/groups_files/ext', 'public', 'exist', 'active', NULL),
(21, 'ooookadddxglf', 42, '2024-06-20 11:09:42', NULL, 'public', 'read_write_with_admin_permission', 'personal', 'https://thiet.mrecode.com/api/assets/groups_files/ext', 'public', 'exist', 'active', NULL),
(22, '1212', 42, '2024-06-20 11:10:35', NULL, 'public', 'read_write_with_admin_permission', 'personal', 'https://thiet.mrecode.com/api/assets/groups_files/ext', 'public', 'exist', 'active', NULL),
(23, 'TEST', 42, '2024-06-20 11:14:44', NULL, 'public', 'only_read', 'personal', 'https://thiet.mrecode.com/api/assets/groups_files/ext', 'public', 'exist', 'active', NULL),
(24, 'aliiiiii', 42, '2024-06-20 11:18:29', NULL, 'public', 'read_write_with_admin_permission', 'personal', 'https://thiet.mrecode.com/api/assets/groups_files/80861image_cropper_1718918714473.jpg', 'public', 'not_exist', 'active', NULL),
(25, 'ولد عيب', 70, '2024-06-21 08:41:01', NULL, 'public', 'read_write_with_admin_permission', 'personal', 'https://thiet.mrecode.com/api/assets/groups_files/22832image_cropper_1718984799950.jpg', 'public', 'exist', 'deleted', NULL),
(26, 'ggggg', 42, '2024-06-21 14:04:07', 'mdfgaswdeg', 'public', 'read_write_with_admin_permission', 'personal', 'https://thiet.mrecode.com/api/assets/groups_files/ext', 'public', 'exist', 'deleted', NULL),
(27, 'FOURTH, SECOND SEMESTER THIET', 42, '2024-06-21 15:47:50', NULL, 'public', 'read_write_with_admin_permission', 'personal', 'https://thiet.mrecode.com/api/assets/groups_files/41186image_cropper_1719010051153.jpg', 'public', 'exist', 'active', NULL),
(28, 'Helper تالته ترم اول', 42, '2024-06-21 15:48:38', NULL, 'public', 'read_write_with_admin_permission', 'personal', 'https://thiet.mrecode.com/api/assets/groups_files/276image_cropper_1719010108863.jpg', 'public', 'not_exist', 'active', NULL),
(29, 'test', 45, '2024-06-22 04:48:59', NULL, 'public', 'read_write_with_admin_permission', 'personal', NULL, 'public', 'exist', 'active', NULL),
(30, 'ااا', 57, '2024-06-22 21:46:18', NULL, 'public', 'read_write_with_admin_permission', 'personal', NULL, 'public', 'exist', 'active', NULL);

-- --------------------------------------------------------

--
-- Table structure for table `group_members`
--

CREATE TABLE `group_members` (
  `group_id` int(11) NOT NULL,
  `member_id` int(11) NOT NULL,
  `member_can_interaction` tinyint(1) NOT NULL DEFAULT 1,
  `member_notification` enum('notify','without_notify','custom_notify') NOT NULL DEFAULT 'notify',
  `member_join_date` datetime NOT NULL DEFAULT current_timestamp(),
  `member_is_admin` tinyint(1) NOT NULL DEFAULT 0
) ENGINE=InnoDB DEFAULT CHARSET=utf8mb3 COLLATE=utf8mb3_general_ci;

--
-- Dumping data for table `group_members`
--

INSERT INTO `group_members` (`group_id`, `member_id`, `member_can_interaction`, `member_notification`, `member_join_date`, `member_is_admin`) VALUES
(5, 42, 1, 'notify', '2024-05-23 01:37:24', 1),
(5, 48, 1, 'notify', '2024-06-19 03:30:52', 0),
(5, 57, 1, 'notify', '2024-06-19 03:21:07', 0),
(5, 58, 1, 'notify', '2024-06-19 05:14:40', 0),
(5, 62, 1, 'notify', '2024-06-19 03:29:37', 0),
(5, 65, 1, 'notify', '2024-06-19 09:49:42', 0),
(5, 69, 1, 'notify', '2024-06-19 03:30:55', 0),
(8, 49, 1, 'notify', '2024-06-18 08:33:03', 0),
(8, 50, 1, 'notify', '2024-06-19 16:25:57', 0),
(8, 58, 1, 'notify', '2024-06-19 12:08:25', 1),
(8, 61, 1, 'notify', '2024-06-19 05:22:20', 0),
(8, 62, 1, 'notify', '2024-06-18 08:32:26', 0),
(8, 65, 1, 'notify', '2024-06-19 05:47:51', 0),
(8, 66, 1, 'notify', '2024-06-18 08:32:42', 0),
(11, 57, 1, 'notify', '2024-05-15 11:23:14', 1),
(11, 58, 1, 'notify', '2024-05-19 14:47:42', 0),
(11, 60, 1, 'notify', '2024-06-18 14:43:32', 0),
(11, 69, 1, 'notify', '2024-05-19 14:37:54', 0),
(15, 62, 1, 'notify', '2024-06-20 11:00:29', 1),
(16, 62, 1, 'notify', '2024-06-20 11:03:33', 1),
(18, 62, 1, 'notify', '2024-06-20 11:04:29', 1),
(20, 62, 1, 'notify', '2024-06-20 11:08:36', 1),
(21, 62, 1, 'notify', '2024-06-20 11:09:42', 1),
(22, 62, 1, 'notify', '2024-06-20 11:10:35', 1),
(23, 48, 1, 'notify', '2024-06-20 11:14:44', 0),
(23, 50, 1, 'notify', '2024-06-20 11:14:44', 0),
(23, 61, 1, 'notify', '2024-06-20 11:14:44', 0),
(23, 62, 1, 'notify', '2024-06-20 11:14:44', 0),
(23, 65, 1, 'notify', '2024-06-20 11:14:44', 1),
(23, 69, 1, 'notify', '2024-06-20 11:14:44', 0),
(24, 58, 1, 'notify', '2024-06-21 11:40:40', 1),
(24, 62, 1, 'notify', '2024-06-20 11:18:29', 0),
(27, 42, 1, 'notify', '2024-06-21 15:47:50', 1),
(27, 45, 1, 'notify', '2024-06-26 13:54:51', 0),
(27, 58, 1, 'notify', '2024-06-21 17:00:05', 0),
(27, 61, 1, 'notify', '2024-06-21 17:00:40', 0),
(27, 62, 1, 'notify', '2024-06-21 16:59:58', 0),
(27, 70, 1, 'notify', '2024-06-21 16:59:56', 0),
(27, 74, 1, 'notify', '2024-06-21 17:01:27', 0),
(27, 76, 1, 'notify', '2024-06-22 09:21:04', 0),
(27, 80, 1, 'notify', '2024-06-23 14:16:47', 0),
(28, 42, 1, 'notify', '2024-06-21 15:48:38', 1),
(28, 74, 1, 'notify', '2024-06-21 17:01:46', 0),
(28, 80, 1, 'notify', '2024-06-23 14:16:58', 0),
(30, 76, 1, 'notify', '2024-06-22 21:46:18', 1);

-- --------------------------------------------------------

--
-- Table structure for table `help_and_support`
--

CREATE TABLE `help_and_support` (
  `ticket_id` int(11) NOT NULL,
  `user_id` int(11) NOT NULL,
  `subject` varchar(50) NOT NULL,
  `description` text NOT NULL,
  `priority` enum('Low','Medium','High') NOT NULL,
  `status` enum('Open','In Progress','Closed') NOT NULL,
  `category` enum('Technical Support','Account Help','Feature Request') NOT NULL COMMENT 'Technical Support,Account Help,Feature Request',
  `created_at` datetime NOT NULL DEFAULT current_timestamp(),
  `updated_at` datetime NOT NULL DEFAULT current_timestamp() ON UPDATE current_timestamp(),
  `notes` text DEFAULT NULL,
  `attachments` varchar(255) DEFAULT NULL
) ENGINE=InnoDB DEFAULT CHARSET=utf8mb3 COLLATE=utf8mb3_general_ci;

--
-- Dumping data for table `help_and_support`
--

INSERT INTO `help_and_support` (`ticket_id`, `user_id`, `subject`, `description`, `priority`, `status`, `category`, `created_at`, `updated_at`, `notes`, `attachments`) VALUES
(1, 62, 'bmw', 'bmw', 'Medium', 'Open', 'Technical Support', '2024-05-01 14:34:52', '2024-05-01 14:34:52', NULL, NULL);

-- --------------------------------------------------------

--
-- Table structure for table `payment_plans`
--

CREATE TABLE `payment_plans` (
  `plan_id` int(11) NOT NULL,
  `plan_name` varchar(30) NOT NULL,
  `plan_details` varchar(255) NOT NULL,
  `plan_max_size_in_byte` int(11) NOT NULL,
  `plan_max_group_num` int(11) NOT NULL,
  `plan_for_type` enum('personal','business') NOT NULL,
  `plan_expired` tinyint(1) NOT NULL DEFAULT 0
) ENGINE=InnoDB DEFAULT CHARSET=utf8mb3 COLLATE=utf8mb3_general_ci;

--
-- Dumping data for table `payment_plans`
--

INSERT INTO `payment_plans` (`plan_id`, `plan_name`, `plan_details`, `plan_max_size_in_byte`, `plan_max_group_num`, `plan_for_type`, `plan_expired`) VALUES
(1, 'Initial personal plan', 'make 2 groups with just 100 MB', 104857600, 2, 'personal', 0),
(2, 'Initial business plan', 'make any groups with just 500 MB', 524288000, 1000, 'business', 0);

-- --------------------------------------------------------

--
-- Table structure for table `payment_plan_time`
--

CREATE TABLE `payment_plan_time` (
  `plan_time_id` int(11) NOT NULL,
  `plan_id` int(11) NOT NULL,
  `plan_time in months` int(11) NOT NULL,
  `plan_time_price_in_months` int(11) NOT NULL,
  `plan_time_discount` decimal(10,0) DEFAULT NULL,
  `plan_time_start_discount` datetime DEFAULT NULL,
  `plan_time_end_discount` datetime DEFAULT NULL
) ENGINE=InnoDB DEFAULT CHARSET=utf8mb3 COLLATE=utf8mb3_general_ci;

--
-- Dumping data for table `payment_plan_time`
--

INSERT INTO `payment_plan_time` (`plan_time_id`, `plan_id`, `plan_time in months`, `plan_time_price_in_months`, `plan_time_discount`, `plan_time_start_discount`, `plan_time_end_discount`) VALUES
(1, 1, 1200, 0, NULL, NULL, NULL),
(2, 2, 1200, 0, NULL, NULL, NULL);

-- --------------------------------------------------------

--
-- Table structure for table `payment_purchase_data`
--

CREATE TABLE `payment_purchase_data` (
  `purchase_id` int(11) NOT NULL,
  `purchase_user_id` int(11) NOT NULL,
  `purchase_plan_time_id` int(11) NOT NULL,
  `purchase_date` datetime NOT NULL DEFAULT current_timestamp(),
  `purchase_total_amount` float NOT NULL,
  `purchase_payment_status` enum('paid','pending','failure') NOT NULL,
  `purchase_method` enum('PayPal','Stripe') NOT NULL,
  `purchase_invoice_num` varchar(100) NOT NULL,
  `purchase_invoice_date` datetime NOT NULL DEFAULT current_timestamp(),
  `purchase_due_date` datetime DEFAULT NULL,
  `purchase_transaction_id` int(11) DEFAULT NULL,
  `purchase_currency` varchar(5) NOT NULL DEFAULT 'EGP',
  `purchase_discounts` decimal(10,0) DEFAULT NULL,
  `purchase_tax` int(11) DEFAULT NULL,
  `purchase_refund_status` enum('pending','done') NOT NULL DEFAULT 'pending',
  `purchase_refund_amount` float DEFAULT NULL,
  `purchase_refund_date` datetime DEFAULT NULL,
  `purchase_notes` varchar(255) DEFAULT NULL
) ENGINE=InnoDB DEFAULT CHARSET=utf8mb3 COLLATE=utf8mb3_general_ci;

-- --------------------------------------------------------

--
-- Table structure for table `payment_user_plan`
--

CREATE TABLE `payment_user_plan` (
  `user_id` int(11) NOT NULL,
  `plan_time_id` int(11) NOT NULL,
  `purchase_data_id` int(11) DEFAULT NULL,
  `current_size_in_byte` int(11) NOT NULL,
  `current_group_num` int(11) NOT NULL,
  `user_plan_start_date` datetime NOT NULL DEFAULT current_timestamp(),
  `user_plan_end_date` datetime NOT NULL
) ENGINE=InnoDB DEFAULT CHARSET=utf8mb3 COLLATE=utf8mb3_general_ci;

-- --------------------------------------------------------

--
-- Table structure for table `user_action_history`
--

CREATE TABLE `user_action_history` (
  `action_id` int(11) NOT NULL,
  `user_id` int(11) NOT NULL,
  `device_id` int(11) DEFAULT NULL,
  `action_time` datetime NOT NULL DEFAULT current_timestamp(),
  `action_type` enum('login','logout','account_crud','page_view','feature_usage','group_crud','activity_crud','other') NOT NULL COMMENT 'login, logout, account_crud, page_view, feature_usage, group_crud, activity_crud, other',
  `action_details` text DEFAULT NULL,
  `ip_address` varchar(15) DEFAULT NULL COMMENT 'IP address of the user''s device or network.',
  `location_info` varchar(200) DEFAULT NULL COMMENT 'Geographic information about the user''s location, such as the country or city.',
  `action_duration` int(11) DEFAULT NULL COMMENT 'Duration of the action in seconds',
  `status_code` int(11) NOT NULL,
  `error_message` varchar(255) DEFAULT NULL,
  `access_type` enum('android','web') NOT NULL,
  `additional_data` text DEFAULT NULL
) ENGINE=InnoDB DEFAULT CHARSET=utf8mb3 COLLATE=utf8mb3_general_ci;

--
-- Dumping data for table `user_action_history`
--

INSERT INTO `user_action_history` (`action_id`, `user_id`, `device_id`, `action_time`, `action_type`, `action_details`, `ip_address`, `location_info`, `action_duration`, `status_code`, `error_message`, `access_type`, `additional_data`) VALUES
(629, 42, NULL, '2024-03-24 11:26:10', 'account_crud', 'user is changed name', NULL, NULL, NULL, 0, NULL, 'android', NULL),
(630, 42, NULL, '2024-03-24 11:26:15', 'page_view', 'user is view home page', NULL, NULL, NULL, 0, NULL, 'android', NULL),
(631, 42, NULL, '2024-03-24 11:26:41', 'page_view', 'user is view home page', NULL, NULL, NULL, 0, NULL, 'android', NULL),
(632, 42, NULL, '2024-03-24 11:26:53', 'page_view', 'user is view home page', NULL, NULL, NULL, 0, NULL, 'android', NULL),
(633, 42, NULL, '2024-03-24 11:27:04', 'page_view', 'user is view home page', NULL, NULL, NULL, 0, NULL, 'android', NULL),
(634, 42, NULL, '2024-03-24 11:27:46', 'page_view', 'user is view home page', NULL, NULL, NULL, 0, NULL, 'android', NULL),
(635, 42, NULL, '2024-03-24 11:27:51', 'page_view', 'user is view home page', NULL, NULL, NULL, 0, NULL, 'android', NULL),
(636, 42, NULL, '2024-03-24 14:39:04', 'page_view', 'user is view home page', NULL, NULL, NULL, 0, NULL, 'android', NULL),
(637, 42, NULL, '2024-03-24 14:39:06', 'page_view', 'user is view home page', NULL, NULL, NULL, 0, NULL, 'android', NULL),
(638, 42, NULL, '2024-03-24 14:39:13', 'page_view', 'user is view home page', NULL, NULL, NULL, 0, NULL, 'android', NULL),
(639, 42, NULL, '2024-03-24 14:39:35', 'page_view', 'user is view home page', NULL, NULL, NULL, 0, NULL, 'android', NULL),
(640, 42, NULL, '2024-03-24 14:40:11', 'page_view', 'user is view home page', NULL, NULL, NULL, 0, NULL, 'android', NULL),
(641, 42, NULL, '2024-03-24 14:41:32', 'page_view', 'user is view home page', NULL, NULL, NULL, 0, NULL, 'android', NULL),
(642, 42, NULL, '2024-03-24 14:42:38', 'page_view', 'user is view home page', NULL, NULL, NULL, 0, NULL, 'android', NULL),
(643, 42, NULL, '2024-03-24 14:43:27', 'page_view', 'user is view home page', NULL, NULL, NULL, 0, NULL, 'android', NULL),
(644, 42, NULL, '2024-03-24 14:45:03', 'page_view', 'user is view home page', NULL, NULL, NULL, 0, NULL, 'android', NULL),
(645, 42, NULL, '2024-03-24 14:45:46', 'page_view', 'user is view home page', NULL, NULL, NULL, 0, NULL, 'android', NULL),
(646, 42, NULL, '2024-03-24 14:49:45', 'page_view', 'user is view home page', NULL, NULL, NULL, 0, NULL, 'android', NULL),
(647, 42, NULL, '2024-03-24 14:49:59', 'page_view', 'user is view home page', NULL, NULL, NULL, 0, NULL, 'android', NULL),
(648, 42, NULL, '2024-03-24 15:02:18', 'page_view', 'user is view home page', NULL, NULL, NULL, 0, NULL, 'android', NULL),
(649, 42, NULL, '2024-03-24 15:02:21', 'page_view', 'user is view home page', NULL, NULL, NULL, 0, NULL, 'android', NULL),
(650, 42, NULL, '2024-03-24 15:02:24', 'page_view', 'user is view home page', NULL, NULL, NULL, 0, NULL, 'android', NULL),
(651, 42, NULL, '2024-03-24 15:03:29', 'page_view', 'user is view home page', NULL, NULL, NULL, 0, NULL, 'android', NULL),
(652, 42, NULL, '2024-03-24 15:04:50', 'page_view', 'user is view home page', NULL, NULL, NULL, 0, NULL, 'android', NULL),
(653, 42, NULL, '2024-03-24 15:07:44', 'page_view', 'user is view home page', NULL, NULL, NULL, 0, NULL, 'android', NULL),
(654, 42, NULL, '2024-03-24 15:07:46', 'page_view', 'user is view home page', NULL, NULL, NULL, 0, NULL, 'android', NULL),
(655, 42, NULL, '2024-03-24 15:08:00', 'page_view', 'user is view home page', NULL, NULL, NULL, 0, NULL, 'android', NULL),
(656, 42, NULL, '2024-03-24 15:08:11', 'page_view', 'user is view home page', NULL, NULL, NULL, 0, NULL, 'android', NULL),
(657, 42, NULL, '2024-03-24 15:09:06', 'page_view', 'user is view home page', NULL, NULL, NULL, 0, NULL, 'android', NULL),
(658, 42, NULL, '2024-03-24 15:10:16', 'page_view', 'user is view home page', NULL, NULL, NULL, 0, NULL, 'android', NULL),
(659, 42, NULL, '2024-03-24 15:10:30', 'page_view', 'user is view home page', NULL, NULL, NULL, 0, NULL, 'android', NULL),
(660, 42, NULL, '2024-03-24 15:11:14', 'page_view', 'user is view home page', NULL, NULL, NULL, 0, NULL, 'android', NULL),
(661, 42, NULL, '2024-03-24 15:13:24', 'page_view', 'user is view home page', NULL, NULL, NULL, 0, NULL, 'android', NULL),
(662, 42, NULL, '2024-03-24 15:14:18', 'page_view', 'user is view home page', NULL, NULL, NULL, 0, NULL, 'android', NULL),
(663, 42, NULL, '2024-03-24 15:14:36', 'page_view', 'user is view home page', NULL, NULL, NULL, 0, NULL, 'android', NULL),
(664, 42, NULL, '2024-03-24 15:44:45', 'page_view', 'user is view home page', NULL, NULL, NULL, 0, NULL, 'android', NULL),
(665, 42, NULL, '2024-03-25 08:20:27', 'page_view', 'user is view home page', NULL, NULL, NULL, 0, NULL, 'android', NULL),
(666, 42, NULL, '2024-03-25 08:31:06', 'page_view', 'user is view home page', NULL, NULL, NULL, 0, NULL, 'android', NULL),
(667, 42, NULL, '2024-03-25 08:41:07', 'page_view', 'user is view home page', NULL, NULL, NULL, 0, NULL, 'android', NULL),
(668, 42, NULL, '2024-03-25 08:54:59', 'page_view', 'user is view home page', NULL, NULL, NULL, 0, NULL, 'android', NULL),
(669, 42, NULL, '2024-03-25 09:04:10', 'page_view', 'user is view home page', NULL, NULL, NULL, 0, NULL, 'android', NULL),
(670, 42, NULL, '2024-03-25 09:04:45', 'page_view', 'user is view home page', NULL, NULL, NULL, 0, NULL, 'android', NULL),
(671, 42, NULL, '2024-03-25 13:07:36', 'page_view', 'user is view home page', NULL, NULL, NULL, 0, NULL, 'android', NULL),
(672, 42, NULL, '2024-03-25 13:14:34', 'page_view', 'user is view home page', NULL, NULL, NULL, 0, NULL, 'android', NULL),
(673, 42, NULL, '2024-03-25 13:25:15', 'page_view', 'user is view home page', NULL, NULL, NULL, 0, NULL, 'android', NULL),
(674, 42, NULL, '2024-03-25 13:25:21', 'page_view', 'user is view home page', NULL, NULL, NULL, 0, NULL, 'android', NULL),
(675, 42, NULL, '2024-03-25 13:25:29', 'page_view', 'user is view home page', NULL, NULL, NULL, 0, NULL, 'android', NULL),
(676, 42, NULL, '2024-03-25 13:26:17', 'page_view', 'user is view home page', NULL, NULL, NULL, 0, NULL, 'android', NULL),
(677, 42, NULL, '2024-03-25 13:27:06', 'page_view', 'user is view home page', NULL, NULL, NULL, 0, NULL, 'android', NULL),
(678, 42, NULL, '2024-03-25 13:27:55', 'account_crud', 'user is changed image', NULL, NULL, NULL, 0, NULL, 'android', NULL),
(679, 42, NULL, '2024-03-25 13:28:01', 'page_view', 'user is view home page', NULL, NULL, NULL, 0, NULL, 'android', NULL),
(680, 42, NULL, '2024-03-25 13:28:02', 'page_view', 'user is view home page', NULL, NULL, NULL, 0, NULL, 'android', NULL),
(681, 42, NULL, '2024-03-25 13:28:14', 'page_view', 'user is view home page', NULL, NULL, NULL, 0, NULL, 'android', NULL),
(682, 42, NULL, '2024-03-25 13:28:43', 'page_view', 'user is view home page', NULL, NULL, NULL, 0, NULL, 'android', NULL),
(683, 42, NULL, '2024-03-25 13:28:55', 'page_view', 'user is view home page', NULL, NULL, NULL, 0, NULL, 'android', NULL),
(684, 42, NULL, '2024-03-25 13:29:20', 'page_view', 'user is view home page', NULL, NULL, NULL, 0, NULL, 'android', NULL),
(685, 42, NULL, '2024-03-25 13:29:29', 'page_view', 'user is view home page', NULL, NULL, NULL, 0, NULL, 'android', NULL),
(686, 42, NULL, '2024-03-25 13:30:17', 'page_view', 'user is view home page', NULL, NULL, NULL, 0, NULL, 'android', NULL),
(687, 42, NULL, '2024-03-25 13:30:42', 'account_crud', 'user is changed image', NULL, NULL, NULL, 0, NULL, 'android', NULL),
(688, 42, NULL, '2024-03-25 13:30:49', 'page_view', 'user is view home page', NULL, NULL, NULL, 0, NULL, 'android', NULL),
(689, 42, NULL, '2024-03-25 14:05:15', 'page_view', 'user is view home page', NULL, NULL, NULL, 0, NULL, 'android', NULL),
(690, 42, NULL, '2024-03-25 14:05:46', 'account_crud', 'user is changed image', NULL, NULL, NULL, 0, NULL, 'android', NULL),
(691, 42, NULL, '2024-03-25 14:05:51', 'page_view', 'user is view home page', NULL, NULL, NULL, 0, NULL, 'android', NULL),
(692, 42, NULL, '2024-03-25 14:06:17', 'page_view', 'user is view home page', NULL, NULL, NULL, 0, NULL, 'android', NULL),
(693, 42, NULL, '2024-03-25 14:06:44', 'page_view', 'user is view home page', NULL, NULL, NULL, 0, NULL, 'android', NULL),
(694, 42, NULL, '2024-03-25 14:37:02', 'page_view', 'user is view home page', NULL, NULL, NULL, 0, NULL, 'android', NULL),
(695, 42, NULL, '2024-03-25 14:40:05', 'page_view', 'user is view home page', NULL, NULL, NULL, 0, NULL, 'android', NULL),
(696, 42, NULL, '2024-03-25 14:40:29', 'page_view', 'user is view home page', NULL, NULL, NULL, 0, NULL, 'android', NULL),
(697, 42, NULL, '2024-03-25 14:40:53', 'account_crud', 'user is changed image', NULL, NULL, NULL, 0, NULL, 'android', NULL),
(698, 42, NULL, '2024-03-25 14:40:57', 'page_view', 'user is view home page', NULL, NULL, NULL, 0, NULL, 'android', NULL),
(699, 42, NULL, '2024-03-25 14:41:37', 'page_view', 'user is view home page', NULL, NULL, NULL, 0, NULL, 'android', NULL),
(700, 42, NULL, '2024-03-25 14:44:25', 'page_view', 'user is view home page', NULL, NULL, NULL, 0, NULL, 'android', NULL),
(701, 42, NULL, '2024-03-25 14:44:40', 'account_crud', 'user is changed image', NULL, NULL, NULL, 0, NULL, 'android', NULL),
(702, 42, NULL, '2024-03-25 14:44:47', 'page_view', 'user is view home page', NULL, NULL, NULL, 0, NULL, 'android', NULL),
(703, 42, NULL, '2024-03-25 14:50:40', 'account_crud', 'user is changed image', NULL, NULL, NULL, 0, NULL, 'android', NULL),
(704, 42, NULL, '2024-03-25 14:50:50', 'page_view', 'user is view home page', NULL, NULL, NULL, 0, NULL, 'android', NULL),
(705, 42, NULL, '2024-03-25 14:51:05', 'account_crud', 'user is changed image', NULL, NULL, NULL, 0, NULL, 'android', NULL),
(706, 42, NULL, '2024-03-25 14:51:22', 'page_view', 'user is view home page', NULL, NULL, NULL, 0, NULL, 'android', NULL),
(707, 42, NULL, '2024-03-25 14:51:26', 'page_view', 'user is view home page', NULL, NULL, NULL, 0, NULL, 'android', NULL),
(708, 42, NULL, '2024-03-25 14:51:37', 'account_crud', 'user is deleted image', NULL, NULL, NULL, 0, NULL, 'android', NULL),
(709, 42, NULL, '2024-03-25 14:51:41', 'page_view', 'user is view home page', NULL, NULL, NULL, 0, NULL, 'android', NULL),
(710, 42, NULL, '2024-03-25 14:53:18', 'account_crud', 'user is changed image', NULL, NULL, NULL, 0, NULL, 'android', NULL),
(711, 42, NULL, '2024-03-25 14:53:30', 'page_view', 'user is view home page', NULL, NULL, NULL, 0, NULL, 'android', NULL),
(712, 42, NULL, '2024-03-25 15:27:21', 'page_view', 'user is view home page', NULL, NULL, NULL, 0, NULL, 'android', NULL),
(713, 42, NULL, '2024-03-25 15:27:22', 'page_view', 'user is view home page', NULL, NULL, NULL, 0, NULL, 'android', NULL),
(714, 42, NULL, '2024-03-25 15:27:50', 'account_crud', 'user is changed image', NULL, NULL, NULL, 0, NULL, 'android', NULL),
(715, 42, NULL, '2024-03-25 15:27:57', 'account_crud', 'user is changed image', NULL, NULL, NULL, 0, NULL, 'android', NULL),
(716, 42, NULL, '2024-03-25 15:28:05', 'page_view', 'user is view home page', NULL, NULL, NULL, 0, NULL, 'android', NULL),
(717, 42, NULL, '2024-03-25 15:28:35', 'page_view', 'user is view home page', NULL, NULL, NULL, 0, NULL, 'android', NULL),
(718, 57, NULL, '2024-03-25 15:29:06', 'page_view', 'user is view home page', NULL, NULL, NULL, 0, NULL, 'android', NULL),
(719, 42, NULL, '2024-03-25 15:29:14', 'page_view', 'user is view home page', NULL, NULL, NULL, 0, NULL, 'android', NULL),
(720, 57, NULL, '2024-03-25 15:29:26', 'page_view', 'user is view home page', NULL, NULL, NULL, 0, NULL, 'android', NULL),
(721, 42, NULL, '2024-03-25 15:29:26', 'account_crud', 'user is changed image', NULL, NULL, NULL, 0, NULL, 'android', NULL),
(722, 42, NULL, '2024-03-25 15:29:37', 'page_view', 'user is view home page', NULL, NULL, NULL, 0, NULL, 'android', NULL),
(723, 42, NULL, '2024-03-25 15:30:46', 'page_view', 'user is view home page', NULL, NULL, NULL, 0, NULL, 'android', NULL),
(724, 42, NULL, '2024-03-25 15:35:07', 'page_view', 'user is view home page', NULL, NULL, NULL, 0, NULL, 'android', NULL),
(725, 42, NULL, '2024-03-25 15:35:18', 'page_view', 'user is view home page', NULL, NULL, NULL, 0, NULL, 'android', NULL),
(726, 42, NULL, '2024-03-25 15:36:08', 'account_crud', 'user is changed image', NULL, NULL, NULL, 0, NULL, 'android', NULL),
(727, 42, NULL, '2024-03-25 15:36:11', 'page_view', 'user is view home page', NULL, NULL, NULL, 0, NULL, 'android', NULL),
(728, 42, NULL, '2024-03-25 15:44:08', 'page_view', 'user is view home page', NULL, NULL, NULL, 0, NULL, 'android', NULL),
(729, 42, NULL, '2024-03-25 15:55:03', 'page_view', 'user is view home page', NULL, NULL, NULL, 0, NULL, 'android', NULL),
(730, 57, NULL, '2024-03-25 16:41:24', 'page_view', 'user is view home page', NULL, NULL, NULL, 0, NULL, 'android', NULL),
(731, 42, NULL, '2024-03-26 06:56:43', 'page_view', 'user is view home page', NULL, NULL, NULL, 0, NULL, 'android', NULL),
(732, 42, NULL, '2024-03-26 06:56:50', 'page_view', 'user is view home page', NULL, NULL, NULL, 0, NULL, 'android', NULL),
(733, 42, NULL, '2024-03-26 06:57:13', 'account_crud', 'user is changed image', NULL, NULL, NULL, 0, NULL, 'android', NULL),
(734, 42, NULL, '2024-03-26 06:57:33', 'page_view', 'user is view home page', NULL, NULL, NULL, 0, NULL, 'android', NULL),
(735, 42, NULL, '2024-03-26 06:57:59', 'account_crud', 'user is changed name', NULL, NULL, NULL, 0, NULL, 'android', NULL),
(736, 42, NULL, '2024-03-26 06:58:02', 'page_view', 'user is view home page', NULL, NULL, NULL, 0, NULL, 'android', NULL),
(737, 42, NULL, '2024-03-26 06:58:08', 'page_view', 'user is view home page', NULL, NULL, NULL, 0, NULL, 'android', NULL),
(738, 42, NULL, '2024-03-26 06:58:18', 'account_crud', 'user is changed name', NULL, NULL, NULL, 0, NULL, 'android', NULL),
(739, 42, NULL, '2024-03-26 06:58:21', 'page_view', 'user is view home page', NULL, NULL, NULL, 0, NULL, 'android', NULL),
(740, 42, NULL, '2024-03-26 06:58:25', 'page_view', 'user is view home page', NULL, NULL, NULL, 0, NULL, 'android', NULL),
(741, 42, NULL, '2024-03-26 06:59:01', 'account_crud', 'user is changed password', NULL, NULL, NULL, 0, NULL, 'android', NULL),
(742, 42, NULL, '2024-03-26 06:59:06', 'page_view', 'user is view home page', NULL, NULL, NULL, 0, NULL, 'android', NULL),
(743, 42, NULL, '2024-03-26 06:59:21', 'page_view', 'user is view home page', NULL, NULL, NULL, 0, NULL, 'android', NULL),
(744, 42, NULL, '2024-03-26 06:59:25', 'page_view', 'user is view home page', NULL, NULL, NULL, 0, NULL, 'android', NULL),
(745, 42, NULL, '2024-03-26 06:59:26', 'page_view', 'user is view home page', NULL, NULL, NULL, 0, NULL, 'android', NULL),
(746, 42, NULL, '2024-03-26 06:59:47', 'account_crud', 'user is changed password', NULL, NULL, NULL, 0, NULL, 'android', NULL),
(747, 42, NULL, '2024-03-26 06:59:49', 'page_view', 'user is view home page', NULL, NULL, NULL, 0, NULL, 'android', NULL),
(748, 42, NULL, '2024-03-26 07:01:22', 'page_view', 'user is view home page', NULL, NULL, NULL, 0, NULL, 'android', NULL),
(749, 42, NULL, '2024-03-26 07:01:27', 'page_view', 'user is view home page', NULL, NULL, NULL, 0, NULL, 'android', NULL),
(750, 42, NULL, '2024-03-26 07:01:28', 'page_view', 'user is view home page', NULL, NULL, NULL, 0, NULL, 'android', NULL),
(751, 42, NULL, '2024-03-26 07:01:30', 'page_view', 'user is view home page', NULL, NULL, NULL, 0, NULL, 'android', NULL),
(752, 42, NULL, '2024-03-26 07:01:44', 'page_view', 'user is view home page', NULL, NULL, NULL, 0, NULL, 'android', NULL),
(753, 42, NULL, '2024-03-26 07:01:46', 'page_view', 'user is view home page', NULL, NULL, NULL, 0, NULL, 'android', NULL),
(754, 42, NULL, '2024-03-26 07:02:10', 'page_view', 'user is view home page', NULL, NULL, NULL, 0, NULL, 'android', NULL),
(755, 57, NULL, '2024-03-27 08:53:09', 'page_view', 'user is view home page', NULL, NULL, NULL, 0, NULL, 'android', NULL),
(756, 57, NULL, '2024-03-27 10:24:31', 'page_view', 'user is view home page', NULL, NULL, NULL, 0, NULL, 'android', NULL),
(757, 42, NULL, '2024-03-29 12:07:14', 'page_view', 'user is view home page', NULL, NULL, NULL, 0, NULL, 'android', NULL),
(758, 57, NULL, '2024-03-30 00:00:49', 'page_view', 'user is view home page', NULL, NULL, NULL, 0, NULL, 'android', NULL),
(759, 42, NULL, '2024-04-05 11:42:07', 'page_view', 'user is view home page', NULL, NULL, NULL, 0, NULL, 'android', NULL),
(760, 42, NULL, '2024-04-05 12:57:11', 'page_view', 'user is view home page', NULL, NULL, NULL, 0, NULL, 'android', NULL),
(761, 42, NULL, '2024-04-05 13:00:15', 'page_view', 'user is view home page', NULL, NULL, NULL, 0, NULL, 'android', NULL),
(762, 42, NULL, '2024-04-05 13:02:04', 'page_view', 'user is view home page', NULL, NULL, NULL, 0, NULL, 'android', NULL),
(763, 42, NULL, '2024-04-05 14:35:21', 'page_view', 'user is view home page', NULL, NULL, NULL, 0, NULL, 'android', NULL),
(764, 42, NULL, '2024-04-05 14:45:04', 'page_view', 'user is view home page', NULL, NULL, NULL, 0, NULL, 'android', NULL),
(765, 42, NULL, '2024-04-05 14:46:18', 'page_view', 'user is view home page', NULL, NULL, NULL, 0, NULL, 'android', NULL),
(766, 42, NULL, '2024-04-05 15:05:23', 'page_view', 'user is view home page', NULL, NULL, NULL, 0, NULL, 'android', NULL),
(767, 42, NULL, '2024-04-05 15:42:05', 'page_view', 'user is view home page', NULL, NULL, NULL, 0, NULL, 'android', NULL),
(768, 42, NULL, '2024-04-05 15:42:59', 'page_view', 'user is view home page', NULL, NULL, NULL, 0, NULL, 'android', NULL),
(769, 42, NULL, '2024-04-05 15:43:24', 'page_view', 'user is view home page', NULL, NULL, NULL, 0, NULL, 'android', NULL),
(770, 42, NULL, '2024-04-05 15:59:56', 'page_view', 'user is view home page', NULL, NULL, NULL, 0, NULL, 'android', NULL),
(771, 48, NULL, '2024-04-05 16:00:40', 'page_view', 'user is view home page', NULL, NULL, NULL, 0, NULL, 'android', NULL),
(772, 58, NULL, '2024-04-05 16:00:57', 'page_view', 'user is view home page', NULL, NULL, NULL, 0, NULL, 'android', NULL),
(773, 58, NULL, '2024-04-05 16:01:11', 'page_view', 'user is view home page', NULL, NULL, NULL, 0, NULL, 'android', NULL),
(774, 42, NULL, '2024-04-05 22:07:29', 'page_view', 'user is view home page', NULL, NULL, NULL, 0, NULL, 'android', NULL),
(775, 42, NULL, '2024-04-06 02:52:12', 'page_view', 'user is view home page', NULL, NULL, NULL, 0, NULL, 'android', NULL),
(776, 42, NULL, '2024-04-06 03:04:28', 'page_view', 'user is view home page', NULL, NULL, NULL, 0, NULL, 'android', NULL),
(777, 42, NULL, '2024-04-07 03:44:36', 'page_view', 'user is view home page', NULL, NULL, NULL, 0, NULL, 'android', NULL),
(778, 42, NULL, '2024-04-07 03:58:22', 'page_view', 'user is view home page', NULL, NULL, NULL, 0, NULL, 'android', NULL),
(779, 42, NULL, '2024-04-07 04:56:06', 'page_view', 'user is view home page', NULL, NULL, NULL, 0, NULL, 'android', NULL),
(780, 42, NULL, '2024-04-07 05:50:27', 'page_view', 'user is view home page', NULL, NULL, NULL, 0, NULL, 'android', NULL),
(781, 42, NULL, '2024-04-07 05:51:48', 'page_view', 'user is view home page', NULL, NULL, NULL, 0, NULL, 'android', NULL),
(782, 42, NULL, '2024-04-07 06:06:38', 'page_view', 'user is view home page', NULL, NULL, NULL, 0, NULL, 'android', NULL),
(783, 42, NULL, '2024-04-07 06:44:37', 'page_view', 'user is view home page', NULL, NULL, NULL, 0, NULL, 'android', NULL),
(784, 42, NULL, '2024-04-07 06:44:47', 'page_view', 'user is view home page', NULL, NULL, NULL, 0, NULL, 'android', NULL),
(785, 42, NULL, '2024-04-07 07:40:19', 'page_view', 'user is view home page', NULL, NULL, NULL, 0, NULL, 'android', NULL),
(786, 42, NULL, '2024-04-07 07:59:16', 'page_view', 'user is view home page', NULL, NULL, NULL, 0, NULL, 'android', NULL),
(787, 42, NULL, '2024-04-07 09:47:50', 'page_view', 'user is view home page', NULL, NULL, NULL, 0, NULL, 'android', NULL),
(788, 42, NULL, '2024-04-07 12:06:24', 'page_view', 'user is view home page', NULL, NULL, NULL, 0, NULL, 'android', NULL),
(789, 42, NULL, '2024-04-07 19:41:42', 'page_view', 'user is view home page', NULL, NULL, NULL, 0, NULL, 'android', NULL),
(790, 42, NULL, '2024-04-09 01:00:06', 'page_view', 'user is view home page', NULL, NULL, NULL, 0, NULL, 'android', NULL),
(791, 42, NULL, '2024-04-09 01:27:16', 'page_view', 'user is view home page', NULL, NULL, NULL, 0, NULL, 'android', NULL),
(792, 42, NULL, '2024-04-09 03:37:54', 'page_view', 'user is view home page', NULL, NULL, NULL, 0, NULL, 'android', NULL),
(793, 42, NULL, '2024-04-09 06:52:38', 'page_view', 'user is view home page', NULL, NULL, NULL, 0, NULL, 'android', NULL),
(794, 42, NULL, '2024-04-09 08:07:34', 'page_view', 'user is view home page', NULL, NULL, NULL, 0, NULL, 'android', NULL),
(795, 42, NULL, '2024-04-09 08:59:13', 'page_view', 'user is view home page', NULL, NULL, NULL, 0, NULL, 'android', NULL),
(796, 42, NULL, '2024-04-09 10:00:37', 'page_view', 'user is view home page', NULL, NULL, NULL, 0, NULL, 'android', NULL),
(797, 42, NULL, '2024-04-11 00:56:27', 'page_view', 'user is view home page', NULL, NULL, NULL, 0, NULL, 'android', NULL),
(798, 42, NULL, '2024-04-11 01:51:40', 'page_view', 'user is view home page', NULL, NULL, NULL, 0, NULL, 'android', NULL),
(799, 42, NULL, '2024-04-11 03:03:56', 'page_view', 'user is view home page', NULL, NULL, NULL, 0, NULL, 'android', NULL),
(800, 42, NULL, '2024-04-11 04:03:52', 'page_view', 'user is view home page', NULL, NULL, NULL, 0, NULL, 'android', NULL),
(801, 42, NULL, '2024-04-11 04:04:49', 'page_view', 'user is view home page', NULL, NULL, NULL, 0, NULL, 'android', NULL),
(802, 42, NULL, '2024-04-11 04:05:34', 'page_view', 'user is view home page', NULL, NULL, NULL, 0, NULL, 'android', NULL),
(803, 42, NULL, '2024-04-11 04:06:01', 'page_view', 'user is view home page', NULL, NULL, NULL, 0, NULL, 'android', NULL),
(804, 42, NULL, '2024-04-11 04:32:05', 'page_view', 'user is view home page', NULL, NULL, NULL, 0, NULL, 'android', NULL),
(805, 42, NULL, '2024-04-11 04:33:35', 'page_view', 'user is view home page', NULL, NULL, NULL, 0, NULL, 'android', NULL),
(806, 42, NULL, '2024-04-12 00:36:51', 'page_view', 'user is view home page', NULL, NULL, NULL, 0, NULL, 'android', NULL),
(807, 42, NULL, '2024-04-12 00:41:27', 'page_view', 'user is view home page', NULL, NULL, NULL, 0, NULL, 'android', NULL),
(808, 42, NULL, '2024-04-12 00:58:29', 'page_view', 'user is view home page', NULL, NULL, NULL, 0, NULL, 'android', NULL),
(809, 42, NULL, '2024-04-12 01:20:14', 'page_view', 'user is view home page', NULL, NULL, NULL, 0, NULL, 'android', NULL),
(811, 42, NULL, '2024-04-12 05:03:28', 'page_view', 'user is view home page', NULL, NULL, NULL, 0, NULL, 'android', NULL),
(812, 42, NULL, '2024-04-12 05:14:41', 'page_view', 'user is view home page', NULL, NULL, NULL, 0, NULL, 'android', NULL),
(813, 42, NULL, '2024-04-12 05:24:52', 'page_view', 'user is view home page', NULL, NULL, NULL, 0, NULL, 'android', NULL),
(814, 42, NULL, '2024-04-12 05:29:36', 'page_view', 'user is view home page', NULL, NULL, NULL, 0, NULL, 'android', NULL),
(815, 42, NULL, '2024-04-12 05:30:01', 'page_view', 'user is view home page', NULL, NULL, NULL, 0, NULL, 'android', NULL),
(816, 42, NULL, '2024-04-12 05:38:40', 'page_view', 'user is view home page', NULL, NULL, NULL, 0, NULL, 'android', NULL),
(817, 42, NULL, '2024-04-12 05:54:36', 'page_view', 'user is view home page', NULL, NULL, NULL, 0, NULL, 'android', NULL),
(818, 42, NULL, '2024-04-12 05:57:25', 'page_view', 'user is view home page', NULL, NULL, NULL, 0, NULL, 'android', NULL),
(819, 42, NULL, '2024-04-12 06:00:56', 'page_view', 'user is view home page', NULL, NULL, NULL, 0, NULL, 'android', NULL),
(820, 42, NULL, '2024-04-12 07:45:04', 'page_view', 'user is view home page', NULL, NULL, NULL, 0, NULL, 'android', NULL),
(821, 42, NULL, '2024-04-12 07:48:23', 'page_view', 'user is view home page', NULL, NULL, NULL, 0, NULL, 'android', NULL),
(822, 42, NULL, '2024-04-12 07:57:01', 'page_view', 'user is view home page', NULL, NULL, NULL, 0, NULL, 'android', NULL),
(823, 42, NULL, '2024-04-12 08:02:31', 'page_view', 'user is view home page', NULL, NULL, NULL, 0, NULL, 'android', NULL),
(824, 42, NULL, '2024-04-12 08:06:07', 'page_view', 'user is view home page', NULL, NULL, NULL, 0, NULL, 'android', NULL),
(825, 42, NULL, '2024-04-12 08:06:52', 'page_view', 'user is view home page', NULL, NULL, NULL, 0, NULL, 'android', NULL),
(826, 42, NULL, '2024-04-12 09:14:34', 'page_view', 'user is view home page', NULL, NULL, NULL, 0, NULL, 'android', NULL),
(827, 42, NULL, '2024-04-12 09:18:59', 'page_view', 'user is view home page', NULL, NULL, NULL, 0, NULL, 'android', NULL),
(828, 42, NULL, '2024-04-12 10:12:07', 'page_view', 'user is view home page', NULL, NULL, NULL, 0, NULL, 'android', NULL),
(829, 42, NULL, '2024-04-12 10:15:27', 'page_view', 'user is view home page', NULL, NULL, NULL, 0, NULL, 'android', NULL),
(830, 42, NULL, '2024-04-12 10:16:18', 'page_view', 'user is view home page', NULL, NULL, NULL, 0, NULL, 'android', NULL),
(831, 42, NULL, '2024-04-12 10:19:23', 'page_view', 'user is view home page', NULL, NULL, NULL, 0, NULL, 'android', NULL),
(832, 42, NULL, '2024-04-12 10:20:16', 'page_view', 'user is view home page', NULL, NULL, NULL, 0, NULL, 'android', NULL),
(833, 42, NULL, '2024-04-12 10:21:01', 'page_view', 'user is view home page', NULL, NULL, NULL, 0, NULL, 'android', NULL),
(834, 42, NULL, '2024-04-12 10:23:30', 'page_view', 'user is view home page', NULL, NULL, NULL, 0, NULL, 'android', NULL),
(835, 42, NULL, '2024-04-12 10:25:52', 'page_view', 'user is view home page', NULL, NULL, NULL, 0, NULL, 'android', NULL),
(836, 42, NULL, '2024-04-12 10:27:13', 'page_view', 'user is view home page', NULL, NULL, NULL, 0, NULL, 'android', NULL),
(837, 42, NULL, '2024-04-12 10:28:10', 'page_view', 'user is view home page', NULL, NULL, NULL, 0, NULL, 'android', NULL),
(838, 42, NULL, '2024-04-12 10:29:20', 'page_view', 'user is view home page', NULL, NULL, NULL, 0, NULL, 'android', NULL),
(839, 42, NULL, '2024-04-12 10:35:00', 'page_view', 'user is view home page', NULL, NULL, NULL, 0, NULL, 'android', NULL),
(840, 42, NULL, '2024-04-12 10:39:31', 'page_view', 'user is view home page', NULL, NULL, NULL, 0, NULL, 'android', NULL),
(841, 42, NULL, '2024-04-12 10:54:42', 'page_view', 'user is view home page', NULL, NULL, NULL, 0, NULL, 'android', NULL),
(842, 42, NULL, '2024-04-12 10:57:37', 'page_view', 'user is view home page', NULL, NULL, NULL, 0, NULL, 'android', NULL),
(843, 42, NULL, '2024-04-12 11:04:22', 'page_view', 'user is view home page', NULL, NULL, NULL, 0, NULL, 'android', NULL),
(844, 42, NULL, '2024-04-12 11:19:28', 'page_view', 'user is view home page', NULL, NULL, NULL, 0, NULL, 'android', NULL),
(845, 42, NULL, '2024-04-12 11:20:23', 'page_view', 'user is view home page', NULL, NULL, NULL, 0, NULL, 'android', NULL),
(846, 42, NULL, '2024-04-12 11:21:03', 'page_view', 'user is view home page', NULL, NULL, NULL, 0, NULL, 'android', NULL),
(847, 42, NULL, '2024-04-12 11:21:43', 'page_view', 'user is view home page', NULL, NULL, NULL, 0, NULL, 'android', NULL),
(848, 42, NULL, '2024-04-12 11:22:08', 'page_view', 'user is view home page', NULL, NULL, NULL, 0, NULL, 'android', NULL),
(849, 42, NULL, '2024-04-12 11:32:49', 'page_view', 'user is view home page', NULL, NULL, NULL, 0, NULL, 'android', NULL),
(850, 42, NULL, '2024-04-12 11:39:59', 'page_view', 'user is view home page', NULL, NULL, NULL, 0, NULL, 'android', NULL),
(851, 42, NULL, '2024-04-12 11:42:20', 'page_view', 'user is view home page', NULL, NULL, NULL, 0, NULL, 'android', NULL),
(852, 42, NULL, '2024-04-12 11:47:51', 'page_view', 'user is view home page', NULL, NULL, NULL, 0, NULL, 'android', NULL),
(853, 42, NULL, '2024-04-13 00:10:22', 'page_view', 'user is view home page', NULL, NULL, NULL, 0, NULL, 'android', NULL),
(854, 42, NULL, '2024-04-13 00:29:46', 'page_view', 'user is view home page', NULL, NULL, NULL, 0, NULL, 'android', NULL),
(855, 42, NULL, '2024-04-13 00:35:32', 'page_view', 'user is view home page', NULL, NULL, NULL, 0, NULL, 'android', NULL),
(856, 42, NULL, '2024-04-13 00:45:43', 'page_view', 'user is view home page', NULL, NULL, NULL, 0, NULL, 'android', NULL),
(857, 42, NULL, '2024-04-13 00:46:17', 'page_view', 'user is view home page', NULL, NULL, NULL, 0, NULL, 'android', NULL),
(858, 42, NULL, '2024-04-13 00:50:34', 'page_view', 'user is view home page', NULL, NULL, NULL, 0, NULL, 'android', NULL),
(859, 42, NULL, '2024-04-13 01:03:35', 'page_view', 'user is view home page', NULL, NULL, NULL, 0, NULL, 'android', NULL),
(860, 42, NULL, '2024-04-13 01:23:06', 'page_view', 'user is view home page', NULL, NULL, NULL, 0, NULL, 'android', NULL),
(861, 42, NULL, '2024-04-13 01:34:47', 'page_view', 'user is view home page', NULL, NULL, NULL, 0, NULL, 'android', NULL),
(862, 42, NULL, '2024-04-13 01:39:25', 'page_view', 'user is view home page', NULL, NULL, NULL, 0, NULL, 'android', NULL),
(863, 42, NULL, '2024-04-13 01:50:03', 'page_view', 'user is view home page', NULL, NULL, NULL, 0, NULL, 'android', NULL),
(864, 42, NULL, '2024-04-13 01:52:32', 'page_view', 'user is view home page', NULL, NULL, NULL, 0, NULL, 'android', NULL),
(865, 42, NULL, '2024-04-13 02:28:51', 'page_view', 'user is view home page', NULL, NULL, NULL, 0, NULL, 'android', NULL),
(866, 42, NULL, '2024-04-13 02:29:13', 'page_view', 'user is view home page', NULL, NULL, NULL, 0, NULL, 'android', NULL),
(867, 42, NULL, '2024-04-13 02:29:46', 'page_view', 'user is view home page', NULL, NULL, NULL, 0, NULL, 'android', NULL),
(868, 42, NULL, '2024-04-13 02:33:08', 'page_view', 'user is view home page', NULL, NULL, NULL, 0, NULL, 'android', NULL),
(869, 42, NULL, '2024-04-13 02:33:35', 'page_view', 'user is view home page', NULL, NULL, NULL, 0, NULL, 'android', NULL),
(870, 42, NULL, '2024-04-13 02:34:53', 'page_view', 'user is view home page', NULL, NULL, NULL, 0, NULL, 'android', NULL),
(871, 42, NULL, '2024-04-13 02:35:22', 'page_view', 'user is view home page', NULL, NULL, NULL, 0, NULL, 'android', NULL),
(872, 42, NULL, '2024-04-13 02:39:05', 'page_view', 'user is view home page', NULL, NULL, NULL, 0, NULL, 'android', NULL),
(873, 42, NULL, '2024-04-13 02:44:15', 'page_view', 'user is view home page', NULL, NULL, NULL, 0, NULL, 'android', NULL),
(874, 42, NULL, '2024-04-13 02:46:41', 'page_view', 'user is view home page', NULL, NULL, NULL, 0, NULL, 'android', NULL),
(875, 42, NULL, '2024-04-13 02:54:46', 'page_view', 'user is view home page', NULL, NULL, NULL, 0, NULL, 'android', NULL),
(876, 42, NULL, '2024-04-13 02:56:20', 'page_view', 'user is view home page', NULL, NULL, NULL, 0, NULL, 'android', NULL),
(877, 42, NULL, '2024-04-13 02:58:31', 'page_view', 'user is view home page', NULL, NULL, NULL, 0, NULL, 'android', NULL),
(878, 42, NULL, '2024-04-13 02:58:48', 'page_view', 'user is view home page', NULL, NULL, NULL, 0, NULL, 'android', NULL),
(879, 42, NULL, '2024-04-13 02:58:58', 'page_view', 'user is view home page', NULL, NULL, NULL, 0, NULL, 'android', NULL),
(880, 42, NULL, '2024-04-13 03:01:00', 'page_view', 'user is view home page', NULL, NULL, NULL, 0, NULL, 'android', NULL),
(881, 42, NULL, '2024-04-13 03:01:00', 'page_view', 'user is view home page', NULL, NULL, NULL, 0, NULL, 'android', NULL),
(882, 42, NULL, '2024-04-13 03:01:00', 'page_view', 'user is view home page', NULL, NULL, NULL, 0, NULL, 'android', NULL),
(883, 42, NULL, '2024-04-13 03:01:00', 'page_view', 'user is view home page', NULL, NULL, NULL, 0, NULL, 'android', NULL),
(884, 42, NULL, '2024-04-13 03:01:01', 'page_view', 'user is view home page', NULL, NULL, NULL, 0, NULL, 'android', NULL),
(885, 42, NULL, '2024-04-13 03:01:01', 'page_view', 'user is view home page', NULL, NULL, NULL, 0, NULL, 'android', NULL),
(886, 42, NULL, '2024-04-13 03:01:01', 'page_view', 'user is view home page', NULL, NULL, NULL, 0, NULL, 'android', NULL),
(887, 42, NULL, '2024-04-13 03:01:01', 'page_view', 'user is view home page', NULL, NULL, NULL, 0, NULL, 'android', NULL),
(888, 42, NULL, '2024-04-13 03:01:01', 'page_view', 'user is view home page', NULL, NULL, NULL, 0, NULL, 'android', NULL),
(889, 42, NULL, '2024-04-13 03:01:01', 'page_view', 'user is view home page', NULL, NULL, NULL, 0, NULL, 'android', NULL),
(890, 42, NULL, '2024-04-13 03:01:01', 'page_view', 'user is view home page', NULL, NULL, NULL, 0, NULL, 'android', NULL),
(891, 42, NULL, '2024-04-13 03:01:01', 'page_view', 'user is view home page', NULL, NULL, NULL, 0, NULL, 'android', NULL),
(892, 42, NULL, '2024-04-13 03:01:01', 'page_view', 'user is view home page', NULL, NULL, NULL, 0, NULL, 'android', NULL),
(893, 42, NULL, '2024-04-13 03:01:02', 'page_view', 'user is view home page', NULL, NULL, NULL, 0, NULL, 'android', NULL),
(894, 42, NULL, '2024-04-13 03:01:02', 'page_view', 'user is view home page', NULL, NULL, NULL, 0, NULL, 'android', NULL),
(895, 42, NULL, '2024-04-13 03:01:02', 'page_view', 'user is view home page', NULL, NULL, NULL, 0, NULL, 'android', NULL),
(896, 42, NULL, '2024-04-13 03:01:02', 'page_view', 'user is view home page', NULL, NULL, NULL, 0, NULL, 'android', NULL),
(897, 42, NULL, '2024-04-13 03:01:02', 'page_view', 'user is view home page', NULL, NULL, NULL, 0, NULL, 'android', NULL),
(898, 42, NULL, '2024-04-13 03:01:02', 'page_view', 'user is view home page', NULL, NULL, NULL, 0, NULL, 'android', NULL),
(899, 42, NULL, '2024-04-13 03:01:02', 'page_view', 'user is view home page', NULL, NULL, NULL, 0, NULL, 'android', NULL),
(900, 42, NULL, '2024-04-13 03:01:02', 'page_view', 'user is view home page', NULL, NULL, NULL, 0, NULL, 'android', NULL),
(901, 42, NULL, '2024-04-13 03:01:02', 'page_view', 'user is view home page', NULL, NULL, NULL, 0, NULL, 'android', NULL),
(902, 42, NULL, '2024-04-13 03:01:02', 'page_view', 'user is view home page', NULL, NULL, NULL, 0, NULL, 'android', NULL),
(903, 42, NULL, '2024-04-13 03:01:02', 'page_view', 'user is view home page', NULL, NULL, NULL, 0, NULL, 'android', NULL),
(904, 42, NULL, '2024-04-13 03:01:02', 'page_view', 'user is view home page', NULL, NULL, NULL, 0, NULL, 'android', NULL),
(905, 42, NULL, '2024-04-13 03:01:02', 'page_view', 'user is view home page', NULL, NULL, NULL, 0, NULL, 'android', NULL),
(906, 42, NULL, '2024-04-13 03:01:02', 'page_view', 'user is view home page', NULL, NULL, NULL, 0, NULL, 'android', NULL),
(907, 42, NULL, '2024-04-13 03:01:02', 'page_view', 'user is view home page', NULL, NULL, NULL, 0, NULL, 'android', NULL),
(908, 42, NULL, '2024-04-13 03:01:02', 'page_view', 'user is view home page', NULL, NULL, NULL, 0, NULL, 'android', NULL),
(909, 42, NULL, '2024-04-13 03:01:02', 'page_view', 'user is view home page', NULL, NULL, NULL, 0, NULL, 'android', NULL),
(910, 42, NULL, '2024-04-13 03:01:02', 'page_view', 'user is view home page', NULL, NULL, NULL, 0, NULL, 'android', NULL),
(911, 42, NULL, '2024-04-13 03:01:02', 'page_view', 'user is view home page', NULL, NULL, NULL, 0, NULL, 'android', NULL),
(912, 42, NULL, '2024-04-13 03:01:03', 'page_view', 'user is view home page', NULL, NULL, NULL, 0, NULL, 'android', NULL),
(913, 42, NULL, '2024-04-13 03:01:03', 'page_view', 'user is view home page', NULL, NULL, NULL, 0, NULL, 'android', NULL),
(914, 42, NULL, '2024-04-13 03:01:03', 'page_view', 'user is view home page', NULL, NULL, NULL, 0, NULL, 'android', NULL),
(915, 42, NULL, '2024-04-13 03:01:03', 'page_view', 'user is view home page', NULL, NULL, NULL, 0, NULL, 'android', NULL),
(916, 42, NULL, '2024-04-13 03:01:03', 'page_view', 'user is view home page', NULL, NULL, NULL, 0, NULL, 'android', NULL),
(917, 42, NULL, '2024-04-13 03:01:03', 'page_view', 'user is view home page', NULL, NULL, NULL, 0, NULL, 'android', NULL),
(918, 42, NULL, '2024-04-13 03:46:53', 'page_view', 'user is view home page', NULL, NULL, NULL, 0, NULL, 'android', NULL),
(919, 42, NULL, '2024-04-13 03:47:13', 'page_view', 'user is view home page', NULL, NULL, NULL, 0, NULL, 'android', NULL),
(920, 42, NULL, '2024-04-13 03:56:17', 'page_view', 'user is view home page', NULL, NULL, NULL, 0, NULL, 'android', NULL),
(921, 42, NULL, '2024-04-13 09:19:29', 'page_view', 'user is view home page', NULL, NULL, NULL, 0, NULL, 'android', NULL),
(922, 42, NULL, '2024-04-13 16:09:14', 'page_view', 'user is view home page', NULL, NULL, NULL, 0, NULL, 'android', NULL),
(923, 42, NULL, '2024-04-13 16:50:58', 'page_view', 'user is view home page', NULL, NULL, NULL, 0, NULL, 'android', NULL),
(924, 42, NULL, '2024-04-13 23:32:23', 'page_view', 'user is view home page', NULL, NULL, NULL, 0, NULL, 'android', NULL),
(925, 42, NULL, '2024-04-14 00:10:24', 'page_view', 'user is view home page', NULL, NULL, NULL, 0, NULL, 'android', NULL),
(926, 42, NULL, '2024-04-14 00:25:57', 'page_view', 'user is view home page', NULL, NULL, NULL, 0, NULL, 'android', NULL),
(927, 42, NULL, '2024-04-14 03:56:08', 'page_view', 'user is view home page', NULL, NULL, NULL, 0, NULL, 'android', NULL),
(928, 42, NULL, '2024-04-14 04:04:50', 'page_view', 'user is view home page', NULL, NULL, NULL, 0, NULL, 'android', NULL),
(929, 42, NULL, '2024-04-14 04:07:09', 'page_view', 'user is view home page', NULL, NULL, NULL, 0, NULL, 'android', NULL),
(930, 42, NULL, '2024-04-14 04:14:30', 'page_view', 'user is view home page', NULL, NULL, NULL, 0, NULL, 'android', NULL),
(931, 42, NULL, '2024-04-14 11:10:51', 'page_view', 'user is view home page', NULL, NULL, NULL, 0, NULL, 'android', NULL),
(932, 61, NULL, '2024-04-14 14:21:20', 'page_view', 'user is view home page', NULL, NULL, NULL, 0, NULL, 'android', NULL),
(933, 42, NULL, '2024-04-14 16:18:46', 'page_view', 'user is view home page', NULL, NULL, NULL, 0, NULL, 'android', NULL),
(934, 42, NULL, '2024-04-14 16:20:05', 'page_view', 'user is view home page', NULL, NULL, NULL, 0, NULL, 'android', NULL),
(935, 42, NULL, '2024-04-14 18:49:23', 'page_view', 'user is view home page', NULL, NULL, NULL, 0, NULL, 'android', NULL),
(936, 42, NULL, '2024-04-14 18:56:10', 'page_view', 'user is view home page', NULL, NULL, NULL, 0, NULL, 'android', NULL),
(937, 42, NULL, '2024-04-14 18:57:14', 'page_view', 'user is view home page', NULL, NULL, NULL, 0, NULL, 'android', NULL),
(938, 42, NULL, '2024-04-14 18:57:29', 'page_view', 'user is view home page', NULL, NULL, NULL, 0, NULL, 'android', NULL),
(939, 42, NULL, '2024-04-14 18:58:06', 'page_view', 'user is view home page', NULL, NULL, NULL, 0, NULL, 'android', NULL),
(940, 42, NULL, '2024-04-14 19:05:22', 'page_view', 'user is view home page', NULL, NULL, NULL, 0, NULL, 'android', NULL),
(941, 42, NULL, '2024-04-14 19:05:30', 'page_view', 'user is view home page', NULL, NULL, NULL, 0, NULL, 'android', NULL),
(942, 42, NULL, '2024-04-14 19:05:50', 'page_view', 'user is view home page', NULL, NULL, NULL, 0, NULL, 'android', NULL),
(943, 42, NULL, '2024-04-14 19:16:09', 'page_view', 'user is view home page', NULL, NULL, NULL, 0, NULL, 'android', NULL),
(944, 42, NULL, '2024-04-14 19:20:22', 'page_view', 'user is view home page', NULL, NULL, NULL, 0, NULL, 'android', NULL),
(945, 42, NULL, '2024-04-14 19:24:04', 'page_view', 'user is view home page', NULL, NULL, NULL, 0, NULL, 'android', NULL),
(946, 42, NULL, '2024-04-14 19:24:21', 'page_view', 'user is view home page', NULL, NULL, NULL, 0, NULL, 'android', NULL),
(947, 42, NULL, '2024-04-14 19:24:33', 'page_view', 'user is view home page', NULL, NULL, NULL, 0, NULL, 'android', NULL),
(948, 42, NULL, '2024-04-14 20:07:49', 'page_view', 'user is view home page', NULL, NULL, NULL, 0, NULL, 'android', NULL),
(949, 42, NULL, '2024-04-14 20:36:04', 'page_view', 'user is view home page', NULL, NULL, NULL, 0, NULL, 'android', NULL),
(950, 42, NULL, '2024-04-15 03:44:55', 'page_view', 'user is view home page', NULL, NULL, NULL, 0, NULL, 'android', NULL),
(951, 42, NULL, '2024-04-15 03:48:30', 'page_view', 'user is view home page', NULL, NULL, NULL, 0, NULL, 'android', NULL),
(952, 42, NULL, '2024-04-15 03:54:10', 'page_view', 'user is view home page', NULL, NULL, NULL, 0, NULL, 'android', NULL),
(953, 42, NULL, '2024-04-15 04:20:39', 'page_view', 'user is view home page', NULL, NULL, NULL, 0, NULL, 'android', NULL),
(954, 42, NULL, '2024-04-15 04:21:05', 'page_view', 'user is view home page', NULL, NULL, NULL, 0, NULL, 'android', NULL),
(955, 42, NULL, '2024-04-15 04:21:27', 'page_view', 'user is view home page', NULL, NULL, NULL, 0, NULL, 'android', NULL),
(956, 42, NULL, '2024-04-15 04:22:32', 'page_view', 'user is view home page', NULL, NULL, NULL, 0, NULL, 'android', NULL),
(957, 42, NULL, '2024-04-15 04:26:48', 'page_view', 'user is view home page', NULL, NULL, NULL, 0, NULL, 'android', NULL),
(967, 42, NULL, '2024-04-15 07:19:07', 'page_view', 'user is view home page', NULL, NULL, NULL, 0, NULL, 'android', NULL),
(968, 58, NULL, '2024-04-15 07:21:20', 'page_view', 'user is view home page', NULL, NULL, NULL, 0, NULL, 'android', NULL),
(969, 58, NULL, '2024-04-15 07:21:34', 'page_view', 'user is view home page', NULL, NULL, NULL, 0, NULL, 'android', NULL),
(970, 42, NULL, '2024-04-15 10:30:11', 'page_view', 'user is view home page', NULL, NULL, NULL, 0, NULL, 'android', NULL),
(971, 58, NULL, '2024-04-15 11:06:48', 'page_view', 'user is view home page', NULL, NULL, NULL, 0, NULL, 'android', NULL),
(972, 58, NULL, '2024-04-15 11:07:18', 'page_view', 'user is view home page', NULL, NULL, NULL, 0, NULL, 'android', NULL),
(973, 58, NULL, '2024-04-15 11:07:21', 'page_view', 'user is view home page', NULL, NULL, NULL, 0, NULL, 'android', NULL),
(974, 58, NULL, '2024-04-15 11:07:36', 'page_view', 'user is view home page', NULL, NULL, NULL, 0, NULL, 'android', NULL),
(975, 58, NULL, '2024-04-15 11:08:21', 'page_view', 'user is view home page', NULL, NULL, NULL, 0, NULL, 'android', NULL),
(976, 58, NULL, '2024-04-15 11:09:18', 'page_view', 'user is view home page', NULL, NULL, NULL, 0, NULL, 'android', NULL),
(977, 58, NULL, '2024-04-15 11:12:19', 'page_view', 'user is view home page', NULL, NULL, NULL, 0, NULL, 'android', NULL),
(978, 58, NULL, '2024-04-15 11:13:15', 'page_view', 'user is view home page', NULL, NULL, NULL, 0, NULL, 'android', NULL),
(979, 42, NULL, '2024-04-15 11:23:42', 'page_view', 'user is view home page', NULL, NULL, NULL, 0, NULL, 'android', NULL),
(980, 58, NULL, '2024-04-15 11:35:37', 'page_view', 'user is view home page', NULL, NULL, NULL, 0, NULL, 'android', NULL),
(981, 42, NULL, '2024-04-15 23:58:19', 'page_view', 'user is view home page', NULL, NULL, NULL, 0, NULL, 'android', NULL),
(982, 42, NULL, '2024-04-16 00:23:22', 'page_view', 'user is view home page', NULL, NULL, NULL, 0, NULL, 'android', NULL),
(983, 42, NULL, '2024-04-16 00:26:15', 'page_view', 'user is view home page', NULL, NULL, NULL, 0, NULL, 'android', NULL),
(985, 42, NULL, '2024-04-16 01:28:22', 'page_view', 'user is view home page', NULL, NULL, NULL, 0, NULL, 'android', NULL),
(986, 42, NULL, '2024-04-16 01:46:51', 'page_view', 'user is view home page', NULL, NULL, NULL, 0, NULL, 'android', NULL),
(987, 42, NULL, '2024-04-16 02:51:49', 'page_view', 'user is view home page', NULL, NULL, NULL, 0, NULL, 'android', NULL),
(988, 42, NULL, '2024-04-16 02:53:25', 'page_view', 'user is view home page', NULL, NULL, NULL, 0, NULL, 'android', NULL),
(989, 42, NULL, '2024-04-16 02:58:28', 'page_view', 'user is view home page', NULL, NULL, NULL, 0, NULL, 'android', NULL),
(990, 42, NULL, '2024-04-16 03:05:32', 'page_view', 'user is view home page', NULL, NULL, NULL, 0, NULL, 'android', NULL),
(991, 42, NULL, '2024-04-16 03:05:46', 'page_view', 'user is view home page', NULL, NULL, NULL, 0, NULL, 'android', NULL),
(992, 42, NULL, '2024-04-16 03:07:43', 'page_view', 'user is view home page', NULL, NULL, NULL, 0, NULL, 'android', NULL),
(997, 42, NULL, '2024-04-16 13:41:45', 'page_view', 'user is view home page', NULL, NULL, NULL, 0, NULL, 'android', NULL),
(998, 42, NULL, '2024-04-16 13:43:36', 'page_view', 'user is view home page', NULL, NULL, NULL, 0, NULL, 'android', NULL),
(999, 42, NULL, '2024-04-16 13:46:20', 'page_view', 'user is view home page', NULL, NULL, NULL, 0, NULL, 'android', NULL),
(1000, 42, NULL, '2024-04-16 13:50:44', 'page_view', 'user is view home page', NULL, NULL, NULL, 0, NULL, 'android', NULL),
(1001, 42, NULL, '2024-04-16 14:00:55', 'page_view', 'user is view home page', NULL, NULL, NULL, 0, NULL, 'android', NULL),
(1002, 42, NULL, '2024-04-16 14:12:53', 'page_view', 'user is view home page', NULL, NULL, NULL, 0, NULL, 'android', NULL),
(1003, 42, NULL, '2024-04-16 14:14:18', 'page_view', 'user is view home page', NULL, NULL, NULL, 0, NULL, 'android', NULL),
(1004, 42, NULL, '2024-04-16 14:16:59', 'page_view', 'user is view home page', NULL, NULL, NULL, 0, NULL, 'android', NULL),
(1005, 42, NULL, '2024-04-16 14:18:30', 'page_view', 'user is view home page', NULL, NULL, NULL, 0, NULL, 'android', NULL),
(1006, 42, NULL, '2024-04-16 14:19:09', 'page_view', 'user is view home page', NULL, NULL, NULL, 0, NULL, 'android', NULL),
(1007, 42, NULL, '2024-04-16 14:20:03', 'page_view', 'user is view home page', NULL, NULL, NULL, 0, NULL, 'android', NULL),
(1008, 42, NULL, '2024-04-16 14:20:43', 'page_view', 'user is view home page', NULL, NULL, NULL, 0, NULL, 'android', NULL),
(1009, 42, NULL, '2024-04-16 14:23:49', 'page_view', 'user is view home page', NULL, NULL, NULL, 0, NULL, 'android', NULL),
(1010, 42, NULL, '2024-04-16 14:28:56', 'page_view', 'user is view home page', NULL, NULL, NULL, 0, NULL, 'android', NULL),
(1011, 42, NULL, '2024-04-16 14:37:06', 'page_view', 'user is view home page', NULL, NULL, NULL, 0, NULL, 'android', NULL),
(1012, 42, NULL, '2024-04-16 15:17:11', 'page_view', 'user is view home page', NULL, NULL, NULL, 0, NULL, 'android', NULL),
(1014, 42, NULL, '2024-04-16 23:41:03', 'page_view', 'user is view home page', NULL, NULL, NULL, 0, NULL, 'android', NULL),
(1015, 42, NULL, '2024-04-17 00:52:15', 'page_view', 'user is view home page', NULL, NULL, NULL, 0, NULL, 'android', NULL),
(1016, 42, NULL, '2024-04-17 00:54:59', 'page_view', 'user is view home page', NULL, NULL, NULL, 0, NULL, 'android', NULL),
(1017, 42, NULL, '2024-04-17 00:55:20', 'page_view', 'user is view home page', NULL, NULL, NULL, 0, NULL, 'android', NULL),
(1018, 42, NULL, '2024-04-17 01:03:01', 'page_view', 'user is view home page', NULL, NULL, NULL, 0, NULL, 'android', NULL),
(1019, 42, NULL, '2024-04-17 01:14:52', 'page_view', 'user is view home page', NULL, NULL, NULL, 0, NULL, 'android', NULL),
(1020, 42, NULL, '2024-04-17 01:17:25', 'page_view', 'user is view home page', NULL, NULL, NULL, 0, NULL, 'android', NULL),
(1021, 42, NULL, '2024-04-17 01:19:34', 'page_view', 'user is view home page', NULL, NULL, NULL, 0, NULL, 'android', NULL),
(1022, 42, NULL, '2024-04-17 01:19:48', 'page_view', 'user is view home page', NULL, NULL, NULL, 0, NULL, 'android', NULL),
(1023, 42, NULL, '2024-04-17 01:20:54', 'page_view', 'user is view home page', NULL, NULL, NULL, 0, NULL, 'android', NULL),
(1024, 42, NULL, '2024-04-17 01:29:09', 'page_view', 'user is view home page', NULL, NULL, NULL, 0, NULL, 'android', NULL),
(1027, 42, NULL, '2024-04-17 01:29:58', 'page_view', 'user is view home page', NULL, NULL, NULL, 0, NULL, 'android', NULL),
(1028, 42, NULL, '2024-04-17 01:30:18', 'page_view', 'user is view home page', NULL, NULL, NULL, 0, NULL, 'android', NULL),
(1029, 42, NULL, '2024-04-17 01:30:55', 'page_view', 'user is view home page', NULL, NULL, NULL, 0, NULL, 'android', NULL),
(1030, 42, NULL, '2024-04-17 01:31:29', 'page_view', 'user is view home page', NULL, NULL, NULL, 0, NULL, 'android', NULL),
(1031, 42, NULL, '2024-04-17 01:31:33', 'page_view', 'user is view home page', NULL, NULL, NULL, 0, NULL, 'android', NULL),
(1032, 42, NULL, '2024-04-17 01:32:03', 'page_view', 'user is view home page', NULL, NULL, NULL, 0, NULL, 'android', NULL),
(1033, 42, NULL, '2024-04-17 01:34:40', 'page_view', 'user is view home page', NULL, NULL, NULL, 0, NULL, 'android', NULL),
(1034, 42, NULL, '2024-04-17 01:35:15', 'page_view', 'user is view home page', NULL, NULL, NULL, 0, NULL, 'android', NULL),
(1035, 42, NULL, '2024-04-17 01:35:16', 'page_view', 'user is view home page', NULL, NULL, NULL, 0, NULL, 'android', NULL),
(1036, 42, NULL, '2024-04-17 01:35:28', 'page_view', 'user is view home page', NULL, NULL, NULL, 0, NULL, 'android', NULL),
(1037, 42, NULL, '2024-04-17 01:35:50', 'page_view', 'user is view home page', NULL, NULL, NULL, 0, NULL, 'android', NULL),
(1038, 42, NULL, '2024-04-17 01:36:59', 'page_view', 'user is view home page', NULL, NULL, NULL, 0, NULL, 'android', NULL),
(1039, 42, NULL, '2024-04-17 01:37:01', 'page_view', 'user is view home page', NULL, NULL, NULL, 0, NULL, 'android', NULL),
(1040, 42, NULL, '2024-04-17 01:37:03', 'page_view', 'user is view home page', NULL, NULL, NULL, 0, NULL, 'android', NULL),
(1041, 42, NULL, '2024-04-17 01:37:04', 'page_view', 'user is view home page', NULL, NULL, NULL, 0, NULL, 'android', NULL),
(1042, 42, NULL, '2024-04-17 01:39:57', 'page_view', 'user is view home page', NULL, NULL, NULL, 0, NULL, 'android', NULL),
(1043, 42, NULL, '2024-04-17 01:46:58', 'page_view', 'user is view home page', NULL, NULL, NULL, 0, NULL, 'android', NULL),
(1044, 42, NULL, '2024-04-17 01:47:42', 'page_view', 'user is view home page', NULL, NULL, NULL, 0, NULL, 'android', NULL),
(1045, 42, NULL, '2024-04-17 01:48:16', 'page_view', 'user is view home page', NULL, NULL, NULL, 0, NULL, 'android', NULL),
(1046, 42, NULL, '2024-04-17 01:49:56', 'page_view', 'user is view home page', NULL, NULL, NULL, 0, NULL, 'android', NULL),
(1047, 42, NULL, '2024-04-17 01:52:05', 'page_view', 'user is view home page', NULL, NULL, NULL, 0, NULL, 'android', NULL),
(1048, 42, NULL, '2024-04-17 01:58:10', 'account_crud', 'user is changed image', NULL, NULL, NULL, 0, NULL, 'android', NULL),
(1049, 42, NULL, '2024-04-17 02:00:42', 'page_view', 'user is view home page', NULL, NULL, NULL, 0, NULL, 'android', NULL),
(1050, 42, NULL, '2024-04-17 02:01:41', 'page_view', 'user is view home page', NULL, NULL, NULL, 0, NULL, 'android', NULL),
(1051, 42, NULL, '2024-04-17 02:02:19', 'account_crud', 'user is changed image', NULL, NULL, NULL, 0, NULL, 'android', NULL),
(1052, 42, NULL, '2024-04-17 02:03:13', 'page_view', 'user is view home page', NULL, NULL, NULL, 0, NULL, 'android', NULL),
(1053, 42, NULL, '2024-04-17 02:03:56', 'account_crud', 'user is changed image', NULL, NULL, NULL, 0, NULL, 'android', NULL),
(1054, 42, NULL, '2024-04-17 02:04:18', 'page_view', 'user is view home page', NULL, NULL, NULL, 0, NULL, 'android', NULL),
(1055, 42, NULL, '2024-04-17 02:06:29', 'account_crud', 'user is deleted image', NULL, NULL, NULL, 0, NULL, 'android', NULL),
(1056, 42, NULL, '2024-04-17 02:06:33', 'page_view', 'user is view home page', NULL, NULL, NULL, 0, NULL, 'android', NULL);
INSERT INTO `user_action_history` (`action_id`, `user_id`, `device_id`, `action_time`, `action_type`, `action_details`, `ip_address`, `location_info`, `action_duration`, `status_code`, `error_message`, `access_type`, `additional_data`) VALUES
(1057, 42, NULL, '2024-04-17 02:07:12', 'account_crud', 'user is changed image', NULL, NULL, NULL, 0, NULL, 'android', NULL),
(1058, 42, NULL, '2024-04-17 02:07:26', 'page_view', 'user is view home page', NULL, NULL, NULL, 0, NULL, 'android', NULL),
(1059, 42, NULL, '2024-04-17 02:08:13', 'account_crud', 'user is changed image', NULL, NULL, NULL, 0, NULL, 'android', NULL),
(1060, 42, NULL, '2024-04-17 02:08:24', 'page_view', 'user is view home page', NULL, NULL, NULL, 0, NULL, 'android', NULL),
(1061, 42, NULL, '2024-04-17 02:08:29', 'page_view', 'user is view home page', NULL, NULL, NULL, 0, NULL, 'android', NULL),
(1062, 42, NULL, '2024-04-17 02:08:37', 'page_view', 'user is view home page', NULL, NULL, NULL, 0, NULL, 'android', NULL),
(1063, 42, NULL, '2024-04-17 02:08:59', 'page_view', 'user is view home page', NULL, NULL, NULL, 0, NULL, 'android', NULL),
(1064, 42, NULL, '2024-04-17 02:16:58', 'page_view', 'user is view home page', NULL, NULL, NULL, 0, NULL, 'android', NULL),
(1065, 42, NULL, '2024-04-17 02:37:58', 'page_view', 'user is view home page', NULL, NULL, NULL, 0, NULL, 'android', NULL),
(1066, 42, NULL, '2024-04-17 03:30:38', 'page_view', 'user is view home page', NULL, NULL, NULL, 0, NULL, 'android', NULL),
(1067, 42, NULL, '2024-04-17 03:34:52', 'page_view', 'user is view home page', NULL, NULL, NULL, 0, NULL, 'android', NULL),
(1068, 42, NULL, '2024-04-17 03:46:34', 'page_view', 'user is view home page', NULL, NULL, NULL, 0, NULL, 'android', NULL),
(1069, 42, NULL, '2024-04-17 03:50:09', 'page_view', 'user is view home page', NULL, NULL, NULL, 0, NULL, 'android', NULL),
(1070, 42, NULL, '2024-04-17 03:53:51', 'page_view', 'user is view home page', NULL, NULL, NULL, 0, NULL, 'android', NULL),
(1071, 42, NULL, '2024-04-17 04:00:43', 'page_view', 'user is view home page', NULL, NULL, NULL, 0, NULL, 'android', NULL),
(1072, 42, NULL, '2024-04-17 04:04:50', 'page_view', 'user is view home page', NULL, NULL, NULL, 0, NULL, 'android', NULL),
(1073, 42, NULL, '2024-04-17 04:07:04', 'page_view', 'user is view home page', NULL, NULL, NULL, 0, NULL, 'android', NULL),
(1074, 42, NULL, '2024-04-17 04:11:02', 'page_view', 'user is view home page', NULL, NULL, NULL, 0, NULL, 'android', NULL),
(1075, 42, NULL, '2024-04-17 04:11:27', 'page_view', 'user is view home page', NULL, NULL, NULL, 0, NULL, 'android', NULL),
(1076, 42, NULL, '2024-04-17 04:38:26', 'page_view', 'user is view home page', NULL, NULL, NULL, 0, NULL, 'android', NULL),
(1077, 42, NULL, '2024-04-17 04:38:34', 'page_view', 'user is view home page', NULL, NULL, NULL, 0, NULL, 'android', NULL),
(1078, 42, NULL, '2024-04-17 04:38:51', 'page_view', 'user is view home page', NULL, NULL, NULL, 0, NULL, 'android', NULL),
(1079, 42, NULL, '2024-04-17 04:39:01', 'page_view', 'user is view home page', NULL, NULL, NULL, 0, NULL, 'android', NULL),
(1080, 42, NULL, '2024-04-17 08:53:28', 'page_view', 'user is view home page', NULL, NULL, NULL, 0, NULL, 'android', NULL),
(1081, 42, NULL, '2024-04-17 09:57:18', 'page_view', 'user is view home page', NULL, NULL, NULL, 0, NULL, 'android', NULL),
(1082, 42, NULL, '2024-04-17 10:21:29', 'page_view', 'user is view home page', NULL, NULL, NULL, 0, NULL, 'android', NULL),
(1083, 42, NULL, '2024-04-17 12:35:52', 'page_view', 'user is view home page', NULL, NULL, NULL, 0, NULL, 'android', NULL),
(1084, 42, NULL, '2024-04-17 12:38:04', 'page_view', 'user is view home page', NULL, NULL, NULL, 0, NULL, 'android', NULL),
(1085, 42, NULL, '2024-04-17 12:59:10', 'page_view', 'user is view home page', NULL, NULL, NULL, 0, NULL, 'android', NULL),
(1086, 42, NULL, '2024-04-17 13:42:44', 'page_view', 'user is view home page', NULL, NULL, NULL, 0, NULL, 'android', NULL),
(1087, 42, NULL, '2024-04-17 13:44:16', 'page_view', 'user is view home page', NULL, NULL, NULL, 0, NULL, 'android', NULL),
(1088, 42, NULL, '2024-04-17 13:50:08', 'page_view', 'user is view home page', NULL, NULL, NULL, 0, NULL, 'android', NULL),
(1089, 42, NULL, '2024-04-17 13:50:16', 'page_view', 'user is view home page', NULL, NULL, NULL, 0, NULL, 'android', NULL),
(1090, 42, NULL, '2024-04-17 13:50:28', 'page_view', 'user is view home page', NULL, NULL, NULL, 0, NULL, 'android', NULL),
(1091, 42, NULL, '2024-04-17 17:23:40', 'page_view', 'user is view home page', NULL, NULL, NULL, 0, NULL, 'android', NULL),
(1092, 42, NULL, '2024-04-17 17:39:51', 'page_view', 'user is view home page', NULL, NULL, NULL, 0, NULL, 'android', NULL),
(1093, 42, NULL, '2024-04-17 17:48:40', 'page_view', 'user is view home page', NULL, NULL, NULL, 0, NULL, 'android', NULL),
(1094, 42, NULL, '2024-04-17 18:50:59', 'page_view', 'user is view home page', NULL, NULL, NULL, 0, NULL, 'android', NULL),
(1095, 42, NULL, '2024-04-17 18:57:20', 'page_view', 'user is view home page', NULL, NULL, NULL, 0, NULL, 'android', NULL),
(1096, 42, NULL, '2024-04-17 19:03:07', 'page_view', 'user is view home page', NULL, NULL, NULL, 0, NULL, 'android', NULL),
(1097, 42, NULL, '2024-04-17 19:03:57', 'page_view', 'user is view home page', NULL, NULL, NULL, 0, NULL, 'android', NULL),
(1098, 42, NULL, '2024-04-17 19:04:15', 'page_view', 'user is view home page', NULL, NULL, NULL, 0, NULL, 'android', NULL),
(1099, 42, NULL, '2024-04-17 19:05:52', 'page_view', 'user is view home page', NULL, NULL, NULL, 0, NULL, 'android', NULL),
(1100, 42, NULL, '2024-04-17 19:06:04', 'page_view', 'user is view home page', NULL, NULL, NULL, 0, NULL, 'android', NULL),
(1101, 42, NULL, '2024-04-17 19:07:03', 'page_view', 'user is view home page', NULL, NULL, NULL, 0, NULL, 'android', NULL),
(1102, 42, NULL, '2024-04-17 19:07:56', 'page_view', 'user is view home page', NULL, NULL, NULL, 0, NULL, 'android', NULL),
(1103, 42, NULL, '2024-04-17 19:08:56', 'page_view', 'user is view home page', NULL, NULL, NULL, 0, NULL, 'android', NULL),
(1104, 42, NULL, '2024-04-17 19:17:41', 'page_view', 'user is view home page', NULL, NULL, NULL, 0, NULL, 'android', NULL),
(1105, 42, NULL, '2024-04-17 19:40:33', 'page_view', 'user is view home page', NULL, NULL, NULL, 0, NULL, 'android', NULL),
(1106, 42, NULL, '2024-04-17 21:16:26', 'page_view', 'user is view home page', NULL, NULL, NULL, 0, NULL, 'android', NULL),
(1107, 42, NULL, '2024-04-17 21:47:09', 'page_view', 'user is view home page', NULL, NULL, NULL, 0, NULL, 'android', NULL),
(1108, 42, NULL, '2024-04-18 01:45:32', 'page_view', 'user is view home page', NULL, NULL, NULL, 0, NULL, 'android', NULL),
(1109, 42, NULL, '2024-04-18 01:47:49', 'page_view', 'user is view home page', NULL, NULL, NULL, 0, NULL, 'android', NULL),
(1110, 42, NULL, '2024-04-18 02:33:10', 'page_view', 'user is view home page', NULL, NULL, NULL, 0, NULL, 'android', NULL),
(1111, 42, NULL, '2024-04-18 02:35:23', 'page_view', 'user is view home page', NULL, NULL, NULL, 0, NULL, 'android', NULL),
(1112, 42, NULL, '2024-04-18 02:38:28', 'page_view', 'user is view home page', NULL, NULL, NULL, 0, NULL, 'android', NULL),
(1113, 42, NULL, '2024-04-18 03:04:45', 'page_view', 'user is view home page', NULL, NULL, NULL, 0, NULL, 'android', NULL),
(1114, 42, NULL, '2024-04-18 03:10:05', 'page_view', 'user is view home page', NULL, NULL, NULL, 0, NULL, 'android', NULL),
(1115, 42, NULL, '2024-04-18 03:11:14', 'page_view', 'user is view home page', NULL, NULL, NULL, 0, NULL, 'android', NULL),
(1116, 42, NULL, '2024-04-18 04:11:36', 'page_view', 'user is view home page', NULL, NULL, NULL, 0, NULL, 'android', NULL),
(1117, 42, NULL, '2024-04-18 04:15:04', 'page_view', 'user is view home page', NULL, NULL, NULL, 0, NULL, 'android', NULL),
(1118, 42, NULL, '2024-04-18 04:15:36', 'page_view', 'user is view home page', NULL, NULL, NULL, 0, NULL, 'android', NULL),
(1119, 42, NULL, '2024-04-18 04:19:13', 'page_view', 'user is view home page', NULL, NULL, NULL, 0, NULL, 'android', NULL),
(1120, 42, NULL, '2024-04-18 04:20:04', 'page_view', 'user is view home page', NULL, NULL, NULL, 0, NULL, 'android', NULL),
(1121, 42, NULL, '2024-04-18 04:20:29', 'page_view', 'user is view home page', NULL, NULL, NULL, 0, NULL, 'android', NULL),
(1122, 42, NULL, '2024-04-18 04:26:43', 'page_view', 'user is view home page', NULL, NULL, NULL, 0, NULL, 'android', NULL),
(1123, 42, NULL, '2024-04-18 04:31:59', 'page_view', 'user is view home page', NULL, NULL, NULL, 0, NULL, 'android', NULL),
(1124, 42, NULL, '2024-04-18 04:35:37', 'page_view', 'user is view home page', NULL, NULL, NULL, 0, NULL, 'android', NULL),
(1125, 42, NULL, '2024-04-18 04:39:23', 'page_view', 'user is view home page', NULL, NULL, NULL, 0, NULL, 'android', NULL),
(1126, 42, NULL, '2024-04-18 04:42:31', 'page_view', 'user is view home page', NULL, NULL, NULL, 0, NULL, 'android', NULL),
(1127, 42, NULL, '2024-04-18 04:49:41', 'page_view', 'user is view home page', NULL, NULL, NULL, 0, NULL, 'android', NULL),
(1128, 42, NULL, '2024-04-18 04:52:20', 'page_view', 'user is view home page', NULL, NULL, NULL, 0, NULL, 'android', NULL),
(1129, 42, NULL, '2024-04-18 06:56:17', 'page_view', 'user is view home page', NULL, NULL, NULL, 0, NULL, 'android', NULL),
(1130, 42, NULL, '2024-04-18 06:56:49', 'page_view', 'user is view home page', NULL, NULL, NULL, 0, NULL, 'android', NULL),
(1131, 42, NULL, '2024-04-18 07:02:18', 'page_view', 'user is view home page', NULL, NULL, NULL, 0, NULL, 'android', NULL),
(1132, 42, NULL, '2024-04-18 07:02:23', 'page_view', 'user is view home page', NULL, NULL, NULL, 0, NULL, 'android', NULL),
(1133, 42, NULL, '2024-04-18 07:36:21', 'page_view', 'user is view home page', NULL, NULL, NULL, 0, NULL, 'android', NULL),
(1134, 42, NULL, '2024-04-18 07:36:32', 'page_view', 'user is view home page', NULL, NULL, NULL, 0, NULL, 'android', NULL),
(1135, 42, NULL, '2024-04-18 07:36:50', 'page_view', 'user is view home page', NULL, NULL, NULL, 0, NULL, 'android', NULL),
(1136, 42, NULL, '2024-04-18 07:49:51', 'page_view', 'user is view home page', NULL, NULL, NULL, 0, NULL, 'android', NULL),
(1137, 42, NULL, '2024-04-18 07:50:21', 'page_view', 'user is view home page', NULL, NULL, NULL, 0, NULL, 'android', NULL),
(1138, 42, NULL, '2024-04-18 07:50:46', 'page_view', 'user is view home page', NULL, NULL, NULL, 0, NULL, 'android', NULL),
(1139, 42, NULL, '2024-04-18 07:54:16', 'page_view', 'user is view home page', NULL, NULL, NULL, 0, NULL, 'android', NULL),
(1140, 42, NULL, '2024-04-18 07:55:16', 'page_view', 'user is view home page', NULL, NULL, NULL, 0, NULL, 'android', NULL),
(1141, 42, NULL, '2024-04-18 07:59:28', 'page_view', 'user is view home page', NULL, NULL, NULL, 0, NULL, 'android', NULL),
(1142, 42, NULL, '2024-04-18 08:02:06', 'page_view', 'user is view home page', NULL, NULL, NULL, 0, NULL, 'android', NULL),
(1143, 42, NULL, '2024-04-18 08:10:36', 'page_view', 'user is view home page', NULL, NULL, NULL, 0, NULL, 'android', NULL),
(1144, 42, NULL, '2024-04-18 08:23:00', 'page_view', 'user is view home page', NULL, NULL, NULL, 0, NULL, 'android', NULL),
(1145, 42, NULL, '2024-04-18 08:31:14', 'page_view', 'user is view home page', NULL, NULL, NULL, 0, NULL, 'android', NULL),
(1146, 42, NULL, '2024-04-18 08:34:14', 'page_view', 'user is view home page', NULL, NULL, NULL, 0, NULL, 'android', NULL),
(1147, 42, NULL, '2024-04-18 08:40:41', 'page_view', 'user is view home page', NULL, NULL, NULL, 0, NULL, 'android', NULL),
(1148, 42, NULL, '2024-04-18 09:10:38', 'page_view', 'user is view home page', NULL, NULL, NULL, 0, NULL, 'android', NULL),
(1149, 42, NULL, '2024-04-18 09:13:07', 'page_view', 'user is view home page', NULL, NULL, NULL, 0, NULL, 'android', NULL),
(1150, 42, NULL, '2024-04-18 09:16:15', 'page_view', 'user is view home page', NULL, NULL, NULL, 0, NULL, 'android', NULL),
(1151, 42, NULL, '2024-04-18 09:21:13', 'page_view', 'user is view home page', NULL, NULL, NULL, 0, NULL, 'android', NULL),
(1152, 42, NULL, '2024-04-18 09:23:31', 'page_view', 'user is view home page', NULL, NULL, NULL, 0, NULL, 'android', NULL),
(1153, 42, NULL, '2024-04-18 09:29:56', 'page_view', 'user is view home page', NULL, NULL, NULL, 0, NULL, 'android', NULL),
(1154, 42, NULL, '2024-04-18 09:49:00', 'page_view', 'user is view home page', NULL, NULL, NULL, 0, NULL, 'android', NULL),
(1155, 42, NULL, '2024-04-18 10:18:28', 'page_view', 'user is view home page', NULL, NULL, NULL, 0, NULL, 'android', NULL),
(1156, 42, NULL, '2024-04-18 10:25:34', 'page_view', 'user is view home page', NULL, NULL, NULL, 0, NULL, 'android', NULL),
(1157, 42, NULL, '2024-04-18 10:27:27', 'page_view', 'user is view home page', NULL, NULL, NULL, 0, NULL, 'android', NULL),
(1158, 42, NULL, '2024-04-18 10:42:22', 'page_view', 'user is view home page', NULL, NULL, NULL, 0, NULL, 'android', NULL),
(1159, 42, NULL, '2024-04-18 10:51:38', 'page_view', 'user is view home page', NULL, NULL, NULL, 0, NULL, 'android', NULL),
(1160, 42, NULL, '2024-04-18 10:51:53', 'page_view', 'user is view home page', NULL, NULL, NULL, 0, NULL, 'android', NULL),
(1161, 42, NULL, '2024-04-18 10:51:58', 'page_view', 'user is view home page', NULL, NULL, NULL, 0, NULL, 'android', NULL),
(1162, 42, NULL, '2024-04-18 10:53:51', 'page_view', 'user is view home page', NULL, NULL, NULL, 0, NULL, 'android', NULL),
(1163, 42, NULL, '2024-04-18 10:58:20', 'page_view', 'user is view home page', NULL, NULL, NULL, 0, NULL, 'android', NULL),
(1164, 42, NULL, '2024-04-18 10:59:14', 'page_view', 'user is view home page', NULL, NULL, NULL, 0, NULL, 'android', NULL),
(1165, 42, NULL, '2024-04-18 10:59:16', 'page_view', 'user is view home page', NULL, NULL, NULL, 0, NULL, 'android', NULL),
(1166, 42, NULL, '2024-04-18 10:59:18', 'page_view', 'user is view home page', NULL, NULL, NULL, 0, NULL, 'android', NULL),
(1167, 42, NULL, '2024-04-19 00:47:44', 'page_view', 'user is view home page', NULL, NULL, NULL, 0, NULL, 'android', NULL),
(1168, 42, NULL, '2024-04-19 00:52:57', 'page_view', 'user is view home page', NULL, NULL, NULL, 0, NULL, 'android', NULL),
(1169, 42, NULL, '2024-04-19 00:54:09', 'page_view', 'user is view home page', NULL, NULL, NULL, 0, NULL, 'android', NULL),
(1170, 42, NULL, '2024-04-19 00:55:07', 'page_view', 'user is view home page', NULL, NULL, NULL, 0, NULL, 'android', NULL),
(1171, 42, NULL, '2024-04-19 00:55:36', 'page_view', 'user is view home page', NULL, NULL, NULL, 0, NULL, 'android', NULL),
(1172, 42, NULL, '2024-04-19 00:55:39', 'page_view', 'user is view home page', NULL, NULL, NULL, 0, NULL, 'android', NULL),
(1173, 42, NULL, '2024-04-19 00:55:43', 'page_view', 'user is view home page', NULL, NULL, NULL, 0, NULL, 'android', NULL),
(1174, 42, NULL, '2024-04-19 00:55:45', 'page_view', 'user is view home page', NULL, NULL, NULL, 0, NULL, 'android', NULL),
(1175, 42, NULL, '2024-04-19 00:58:29', 'page_view', 'user is view home page', NULL, NULL, NULL, 0, NULL, 'android', NULL),
(1176, 42, NULL, '2024-04-19 00:58:31', 'page_view', 'user is view home page', NULL, NULL, NULL, 0, NULL, 'android', NULL),
(1177, 42, NULL, '2024-04-19 00:58:45', 'page_view', 'user is view home page', NULL, NULL, NULL, 0, NULL, 'android', NULL),
(1178, 42, NULL, '2024-04-19 00:58:58', 'page_view', 'user is view home page', NULL, NULL, NULL, 0, NULL, 'android', NULL),
(1179, 42, NULL, '2024-04-19 00:59:28', 'page_view', 'user is view home page', NULL, NULL, NULL, 0, NULL, 'android', NULL),
(1180, 42, NULL, '2024-04-19 00:59:30', 'page_view', 'user is view home page', NULL, NULL, NULL, 0, NULL, 'android', NULL),
(1181, 42, NULL, '2024-04-19 00:59:44', 'page_view', 'user is view home page', NULL, NULL, NULL, 0, NULL, 'android', NULL),
(1182, 42, NULL, '2024-04-19 01:00:57', 'page_view', 'user is view home page', NULL, NULL, NULL, 0, NULL, 'android', NULL),
(1183, 42, NULL, '2024-04-19 01:01:00', 'page_view', 'user is view home page', NULL, NULL, NULL, 0, NULL, 'android', NULL),
(1184, 42, NULL, '2024-04-19 01:01:02', 'page_view', 'user is view home page', NULL, NULL, NULL, 0, NULL, 'android', NULL),
(1185, 42, NULL, '2024-04-19 01:03:57', 'page_view', 'user is view home page', NULL, NULL, NULL, 0, NULL, 'android', NULL),
(1186, 42, NULL, '2024-04-19 01:05:00', 'page_view', 'user is view home page', NULL, NULL, NULL, 0, NULL, 'android', NULL),
(1187, 42, NULL, '2024-04-19 01:05:02', 'page_view', 'user is view home page', NULL, NULL, NULL, 0, NULL, 'android', NULL),
(1188, 42, NULL, '2024-04-19 01:05:04', 'page_view', 'user is view home page', NULL, NULL, NULL, 0, NULL, 'android', NULL),
(1189, 42, NULL, '2024-04-19 01:07:01', 'page_view', 'user is view home page', NULL, NULL, NULL, 0, NULL, 'android', NULL),
(1190, 42, NULL, '2024-04-19 01:07:12', 'page_view', 'user is view home page', NULL, NULL, NULL, 0, NULL, 'android', NULL),
(1191, 42, NULL, '2024-04-19 01:07:14', 'page_view', 'user is view home page', NULL, NULL, NULL, 0, NULL, 'android', NULL),
(1192, 42, NULL, '2024-04-19 01:08:07', 'page_view', 'user is view home page', NULL, NULL, NULL, 0, NULL, 'android', NULL),
(1193, 42, NULL, '2024-04-19 01:08:18', 'page_view', 'user is view home page', NULL, NULL, NULL, 0, NULL, 'android', NULL),
(1194, 42, NULL, '2024-04-19 01:08:19', 'page_view', 'user is view home page', NULL, NULL, NULL, 0, NULL, 'android', NULL),
(1195, 42, NULL, '2024-04-19 01:09:30', 'page_view', 'user is view home page', NULL, NULL, NULL, 0, NULL, 'android', NULL),
(1196, 42, NULL, '2024-04-19 01:54:27', 'page_view', 'user is view home page', NULL, NULL, NULL, 0, NULL, 'android', NULL),
(1197, 42, NULL, '2024-04-19 01:54:38', 'page_view', 'user is view home page', NULL, NULL, NULL, 0, NULL, 'android', NULL),
(1198, 42, NULL, '2024-04-19 01:54:59', 'page_view', 'user is view home page', NULL, NULL, NULL, 0, NULL, 'android', NULL),
(1199, 42, NULL, '2024-04-19 01:55:19', 'page_view', 'user is view home page', NULL, NULL, NULL, 0, NULL, 'android', NULL),
(1200, 42, NULL, '2024-04-19 01:57:09', 'page_view', 'user is view home page', NULL, NULL, NULL, 0, NULL, 'android', NULL),
(1201, 42, NULL, '2024-04-19 01:57:20', 'page_view', 'user is view home page', NULL, NULL, NULL, 0, NULL, 'android', NULL),
(1202, 42, NULL, '2024-04-19 01:57:38', 'page_view', 'user is view home page', NULL, NULL, NULL, 0, NULL, 'android', NULL),
(1203, 42, NULL, '2024-04-19 01:57:50', 'page_view', 'user is view home page', NULL, NULL, NULL, 0, NULL, 'android', NULL),
(1204, 42, NULL, '2024-04-19 01:57:55', 'page_view', 'user is view home page', NULL, NULL, NULL, 0, NULL, 'android', NULL),
(1205, 42, NULL, '2024-04-19 02:00:57', 'page_view', 'user is view home page', NULL, NULL, NULL, 0, NULL, 'android', NULL),
(1206, 42, NULL, '2024-04-19 02:03:41', 'page_view', 'user is view home page', NULL, NULL, NULL, 0, NULL, 'android', NULL),
(1207, 42, NULL, '2024-04-19 02:05:35', 'page_view', 'user is view home page', NULL, NULL, NULL, 0, NULL, 'android', NULL),
(1208, 42, NULL, '2024-04-19 02:11:35', 'page_view', 'user is view home page', NULL, NULL, NULL, 0, NULL, 'android', NULL),
(1209, 42, NULL, '2024-04-19 02:14:49', 'page_view', 'user is view home page', NULL, NULL, NULL, 0, NULL, 'android', NULL),
(1210, 42, NULL, '2024-04-19 02:19:37', 'page_view', 'user is view home page', NULL, NULL, NULL, 0, NULL, 'android', NULL),
(1211, 42, NULL, '2024-04-19 02:20:06', 'page_view', 'user is view home page', NULL, NULL, NULL, 0, NULL, 'android', NULL),
(1212, 42, NULL, '2024-04-19 02:20:41', 'page_view', 'user is view home page', NULL, NULL, NULL, 0, NULL, 'android', NULL),
(1213, 42, NULL, '2024-04-19 02:21:05', 'page_view', 'user is view home page', NULL, NULL, NULL, 0, NULL, 'android', NULL),
(1214, 42, NULL, '2024-04-19 02:33:27', 'page_view', 'user is view home page', NULL, NULL, NULL, 0, NULL, 'android', NULL),
(1215, 42, NULL, '2024-04-19 02:35:16', 'page_view', 'user is view home page', NULL, NULL, NULL, 0, NULL, 'android', NULL),
(1216, 42, NULL, '2024-04-19 02:38:42', 'page_view', 'user is view home page', NULL, NULL, NULL, 0, NULL, 'android', NULL),
(1217, 42, NULL, '2024-04-19 02:42:24', 'page_view', 'user is view home page', NULL, NULL, NULL, 0, NULL, 'android', NULL),
(1218, 42, NULL, '2024-04-19 03:56:01', 'page_view', 'user is view home page', NULL, NULL, NULL, 0, NULL, 'android', NULL),
(1219, 42, NULL, '2024-04-19 05:39:29', 'page_view', 'user is view home page', NULL, NULL, NULL, 0, NULL, 'android', NULL),
(1220, 42, NULL, '2024-04-20 01:26:41', 'page_view', 'user is view home page', NULL, NULL, NULL, 0, NULL, 'android', NULL),
(1221, 42, NULL, '2024-04-20 01:29:02', 'page_view', 'user is view home page', NULL, NULL, NULL, 0, NULL, 'android', NULL),
(1222, 42, NULL, '2024-04-20 03:27:50', 'page_view', 'user is view home page', NULL, NULL, NULL, 0, NULL, 'android', NULL),
(1223, 42, NULL, '2024-04-20 03:28:10', 'page_view', 'user is view home page', NULL, NULL, NULL, 0, NULL, 'android', NULL),
(1224, 42, NULL, '2024-04-20 03:28:25', 'page_view', 'user is view home page', NULL, NULL, NULL, 0, NULL, 'android', NULL),
(1225, 42, NULL, '2024-04-20 03:29:41', 'page_view', 'user is view home page', NULL, NULL, NULL, 0, NULL, 'android', NULL),
(1226, 42, NULL, '2024-04-20 03:39:14', 'page_view', 'user is view home page', NULL, NULL, NULL, 0, NULL, 'android', NULL),
(1227, 42, NULL, '2024-04-20 03:40:49', 'page_view', 'user is view home page', NULL, NULL, NULL, 0, NULL, 'android', NULL),
(1228, 42, NULL, '2024-04-20 03:58:10', 'page_view', 'user is view home page', NULL, NULL, NULL, 0, NULL, 'android', NULL),
(1229, 42, NULL, '2024-04-20 04:13:31', 'page_view', 'user is view home page', NULL, NULL, NULL, 0, NULL, 'android', NULL),
(1230, 42, NULL, '2024-04-21 00:05:36', 'page_view', 'user is view home page', NULL, NULL, NULL, 0, NULL, 'android', NULL),
(1231, 42, NULL, '2024-04-21 07:51:00', 'page_view', 'user is view home page', NULL, NULL, NULL, 0, NULL, 'android', NULL),
(1232, 42, NULL, '2024-04-21 10:45:51', 'page_view', 'user is view home page', NULL, NULL, NULL, 0, NULL, 'android', NULL),
(1233, 58, NULL, '2024-04-21 10:46:05', 'page_view', 'user is view home page', NULL, NULL, NULL, 0, NULL, 'android', NULL),
(1234, 58, NULL, '2024-04-21 10:46:09', 'page_view', 'user is view home page', NULL, NULL, NULL, 0, NULL, 'android', NULL),
(1235, 58, NULL, '2024-04-21 10:47:17', 'page_view', 'user is view home page', NULL, NULL, NULL, 0, NULL, 'android', NULL),
(1237, 42, NULL, '2024-04-21 10:48:01', 'page_view', 'user is view home page', NULL, NULL, NULL, 0, NULL, 'android', NULL),
(1238, 58, NULL, '2024-04-21 10:48:49', 'page_view', 'user is view home page', NULL, NULL, NULL, 0, NULL, 'android', NULL),
(1239, 58, NULL, '2024-04-21 10:49:05', 'page_view', 'user is view home page', NULL, NULL, NULL, 0, NULL, 'android', NULL),
(1240, 58, NULL, '2024-04-21 11:17:41', 'page_view', 'user is view home page', NULL, NULL, NULL, 0, NULL, 'android', NULL),
(1241, 62, NULL, '2024-04-21 11:18:20', 'page_view', 'user is view home page', NULL, NULL, NULL, 0, NULL, 'android', NULL),
(1242, 62, NULL, '2024-04-21 11:19:34', 'account_crud', 'user is changed image', NULL, NULL, NULL, 0, NULL, 'android', NULL),
(1243, 62, NULL, '2024-04-21 11:37:21', 'page_view', 'user is view home page', NULL, NULL, NULL, 0, NULL, 'android', NULL),
(1244, 62, NULL, '2024-04-21 11:37:45', 'page_view', 'user is view home page', NULL, NULL, NULL, 0, NULL, 'android', NULL),
(1245, 62, NULL, '2024-04-21 11:37:48', 'page_view', 'user is view home page', NULL, NULL, NULL, 0, NULL, 'android', NULL),
(1246, 57, NULL, '2024-04-21 11:38:12', 'page_view', 'user is view home page', NULL, NULL, NULL, 0, NULL, 'android', NULL),
(1247, 62, NULL, '2024-04-21 11:38:20', 'page_view', 'user is view home page', NULL, NULL, NULL, 0, NULL, 'android', NULL),
(1248, 62, NULL, '2024-04-21 11:38:20', 'page_view', 'user is view home page', NULL, NULL, NULL, 0, NULL, 'android', NULL),
(1249, 57, NULL, '2024-04-21 11:38:56', 'page_view', 'user is view home page', NULL, NULL, NULL, 0, NULL, 'android', NULL),
(1250, 42, NULL, '2024-04-21 11:40:07', 'page_view', 'user is view home page', NULL, NULL, NULL, 0, NULL, 'android', NULL),
(1251, 57, NULL, '2024-04-21 11:41:16', 'page_view', 'user is view home page', NULL, NULL, NULL, 0, NULL, 'android', NULL),
(1252, 62, NULL, '2024-04-21 11:42:41', 'page_view', 'user is view home page', NULL, NULL, NULL, 0, NULL, 'android', NULL),
(1253, 42, NULL, '2024-04-21 11:44:52', 'page_view', 'user is view home page', NULL, NULL, NULL, 0, NULL, 'android', NULL),
(1254, 42, NULL, '2024-04-21 11:45:16', 'page_view', 'user is view home page', NULL, NULL, NULL, 0, NULL, 'android', NULL),
(1255, 57, NULL, '2024-04-21 11:45:30', 'page_view', 'user is view home page', NULL, NULL, NULL, 0, NULL, 'android', NULL),
(1256, 42, NULL, '2024-04-21 13:04:10', 'page_view', 'user is view home page', NULL, NULL, NULL, 0, NULL, 'android', NULL),
(1257, 42, NULL, '2024-04-21 14:56:39', 'page_view', 'user is view home page', NULL, NULL, NULL, 0, NULL, 'android', NULL),
(1269, 42, NULL, '2024-04-22 03:48:21', 'page_view', 'user is view home page', NULL, NULL, NULL, 0, NULL, 'android', NULL),
(1270, 42, NULL, '2024-04-22 03:51:45', 'page_view', 'user is view home page', NULL, NULL, NULL, 0, NULL, 'android', NULL),
(1271, 42, NULL, '2024-04-22 04:19:25', 'page_view', 'user is view home page', NULL, NULL, NULL, 0, NULL, 'android', NULL),
(1272, 42, NULL, '2024-04-22 04:29:35', 'page_view', 'user is view home page', NULL, NULL, NULL, 0, NULL, 'android', NULL),
(1273, 42, NULL, '2024-04-22 04:36:36', 'page_view', 'user is view home page', NULL, NULL, NULL, 0, NULL, 'android', NULL),
(1274, 42, NULL, '2024-04-22 04:47:50', 'page_view', 'user is view home page', NULL, NULL, NULL, 0, NULL, 'android', NULL),
(1275, 42, NULL, '2024-04-22 04:54:24', 'page_view', 'user is view home page', NULL, NULL, NULL, 0, NULL, 'android', NULL),
(1276, 42, NULL, '2024-04-22 04:55:16', 'page_view', 'user is view home page', NULL, NULL, NULL, 0, NULL, 'android', NULL),
(1277, 42, NULL, '2024-04-22 09:26:18', 'page_view', 'user is view home page', NULL, NULL, NULL, 0, NULL, 'android', NULL),
(1278, 62, NULL, '2024-04-22 09:59:24', 'page_view', 'user is view home page', NULL, NULL, NULL, 0, NULL, 'android', NULL),
(1279, 62, NULL, '2024-04-22 09:59:39', 'account_crud', 'user is deleted image', NULL, NULL, NULL, 0, NULL, 'android', NULL),
(1280, 62, NULL, '2024-04-22 09:59:49', 'page_view', 'user is view home page', NULL, NULL, NULL, 0, NULL, 'android', NULL),
(1281, 42, NULL, '2024-04-22 10:04:02', 'page_view', 'user is view home page', NULL, NULL, NULL, 0, NULL, 'android', NULL),
(1282, 57, NULL, '2024-04-22 10:14:19', 'page_view', 'user is view home page', NULL, NULL, NULL, 0, NULL, 'android', NULL),
(1283, 42, NULL, '2024-04-22 10:47:16', 'page_view', 'user is view home page', NULL, NULL, NULL, 0, NULL, 'android', NULL),
(1284, 42, NULL, '2024-04-22 10:47:49', 'page_view', 'user is view home page', NULL, NULL, NULL, 0, NULL, 'android', NULL),
(1285, 42, NULL, '2024-04-22 15:28:23', 'page_view', 'user is view home page', NULL, NULL, NULL, 0, NULL, 'android', NULL),
(1286, 42, NULL, '2024-04-22 15:29:02', 'page_view', 'user is view home page', NULL, NULL, NULL, 0, NULL, 'android', NULL),
(1287, 42, NULL, '2024-04-23 03:23:28', 'page_view', 'user is view home page', NULL, NULL, NULL, 0, NULL, 'android', NULL),
(1288, 42, NULL, '2024-04-23 03:23:31', 'page_view', 'user is view home page', NULL, NULL, NULL, 0, NULL, 'android', NULL),
(1289, 42, NULL, '2024-04-23 03:23:32', 'page_view', 'user is view home page', NULL, NULL, NULL, 0, NULL, 'android', NULL),
(1290, 42, NULL, '2024-04-23 03:23:38', 'page_view', 'user is view home page', NULL, NULL, NULL, 0, NULL, 'android', NULL),
(1291, 42, NULL, '2024-04-23 03:25:33', 'page_view', 'user is view home page', NULL, NULL, NULL, 0, NULL, 'android', NULL),
(1292, 58, NULL, '2024-04-23 03:25:58', 'page_view', 'user is view home page', NULL, NULL, NULL, 0, NULL, 'android', NULL),
(1293, 58, NULL, '2024-04-23 03:31:14', 'page_view', 'user is view home page', NULL, NULL, NULL, 0, NULL, 'android', NULL),
(1294, 42, NULL, '2024-04-23 03:31:27', 'page_view', 'user is view home page', NULL, NULL, NULL, 0, NULL, 'android', NULL),
(1295, 42, NULL, '2024-04-23 03:34:39', 'page_view', 'user is view home page', NULL, NULL, NULL, 0, NULL, 'android', NULL),
(1296, 42, NULL, '2024-04-23 04:08:16', 'page_view', 'user is view home page', NULL, NULL, NULL, 0, NULL, 'android', NULL),
(1297, 42, NULL, '2024-04-23 04:12:24', 'page_view', 'user is view home page', NULL, NULL, NULL, 0, NULL, 'android', NULL),
(1298, 42, NULL, '2024-04-23 04:29:43', 'page_view', 'user is view home page', NULL, NULL, NULL, 0, NULL, 'android', NULL),
(1299, 42, NULL, '2024-04-23 04:29:54', 'page_view', 'user is view home page', NULL, NULL, NULL, 0, NULL, 'android', NULL),
(1300, 42, NULL, '2024-04-23 04:49:37', 'page_view', 'user is view home page', NULL, NULL, NULL, 0, NULL, 'android', NULL),
(1301, 42, NULL, '2024-04-23 05:28:48', 'page_view', 'user is view home page', NULL, NULL, NULL, 0, NULL, 'android', NULL),
(1302, 42, NULL, '2024-04-23 08:48:15', 'page_view', 'user is view home page', NULL, NULL, NULL, 0, NULL, 'android', NULL),
(1303, 62, NULL, '2024-04-23 09:56:45', 'page_view', 'user is view home page', NULL, NULL, NULL, 0, NULL, 'android', NULL),
(1304, 62, NULL, '2024-04-23 09:57:09', 'page_view', 'user is view home page', NULL, NULL, NULL, 0, NULL, 'android', NULL),
(1305, 42, NULL, '2024-04-23 11:23:11', 'page_view', 'user is view home page', NULL, NULL, NULL, 0, NULL, 'android', NULL),
(1306, 42, NULL, '2024-04-23 11:42:53', 'page_view', 'user is view home page', NULL, NULL, NULL, 0, NULL, 'android', NULL),
(1307, 42, NULL, '2024-04-23 11:48:39', 'page_view', 'user is view home page', NULL, NULL, NULL, 0, NULL, 'android', NULL),
(1308, 42, NULL, '2024-04-23 11:53:50', 'page_view', 'user is view home page', NULL, NULL, NULL, 0, NULL, 'android', NULL),
(1309, 42, NULL, '2024-04-23 11:56:50', 'page_view', 'user is view home page', NULL, NULL, NULL, 0, NULL, 'android', NULL),
(1310, 42, NULL, '2024-04-23 11:57:27', 'page_view', 'user is view home page', NULL, NULL, NULL, 0, NULL, 'android', NULL),
(1311, 42, NULL, '2024-04-23 11:58:25', 'page_view', 'user is view home page', NULL, NULL, NULL, 0, NULL, 'android', NULL),
(1312, 42, NULL, '2024-04-23 11:59:53', 'page_view', 'user is view home page', NULL, NULL, NULL, 0, NULL, 'android', NULL),
(1313, 42, NULL, '2024-04-23 12:00:00', 'page_view', 'user is view home page', NULL, NULL, NULL, 0, NULL, 'android', NULL),
(1314, 42, NULL, '2024-04-23 12:00:07', 'page_view', 'user is view home page', NULL, NULL, NULL, 0, NULL, 'android', NULL),
(1315, 42, NULL, '2024-04-23 12:00:08', 'page_view', 'user is view home page', NULL, NULL, NULL, 0, NULL, 'android', NULL),
(1316, 42, NULL, '2024-04-23 12:01:32', 'page_view', 'user is view home page', NULL, NULL, NULL, 0, NULL, 'android', NULL),
(1317, 42, NULL, '2024-04-23 15:10:43', 'page_view', 'user is view home page', NULL, NULL, NULL, 0, NULL, 'android', NULL),
(1318, 42, NULL, '2024-04-23 15:22:27', 'page_view', 'user is view home page', NULL, NULL, NULL, 0, NULL, 'android', NULL),
(1319, 42, NULL, '2024-04-23 15:23:30', 'page_view', 'user is view home page', NULL, NULL, NULL, 0, NULL, 'android', NULL),
(1320, 42, NULL, '2024-04-23 15:24:14', 'page_view', 'user is view home page', NULL, NULL, NULL, 0, NULL, 'android', NULL),
(1321, 42, NULL, '2024-04-23 16:00:40', 'page_view', 'user is view home page', NULL, NULL, NULL, 0, NULL, 'android', NULL),
(1322, 42, NULL, '2024-04-24 03:03:45', 'page_view', 'user is view home page', NULL, NULL, NULL, 0, NULL, 'android', NULL),
(1323, 42, NULL, '2024-04-24 03:03:46', 'page_view', 'user is view home page', NULL, NULL, NULL, 0, NULL, 'android', NULL),
(1324, 42, NULL, '2024-04-24 03:13:36', 'page_view', 'user is view home page', NULL, NULL, NULL, 0, NULL, 'android', NULL),
(1325, 42, NULL, '2024-04-24 03:59:07', 'page_view', 'user is view home page', NULL, NULL, NULL, 0, NULL, 'android', NULL),
(1326, 42, NULL, '2024-04-24 04:01:08', 'page_view', 'user is view home page', NULL, NULL, NULL, 0, NULL, 'android', NULL),
(1327, 42, NULL, '2024-04-24 04:04:40', 'page_view', 'user is view home page', NULL, NULL, NULL, 0, NULL, 'android', NULL),
(1328, 42, NULL, '2024-04-24 05:18:15', 'page_view', 'user is view home page', NULL, NULL, NULL, 0, NULL, 'android', NULL),
(1329, 42, NULL, '2024-04-24 05:22:03', 'page_view', 'user is view home page', NULL, NULL, NULL, 0, NULL, 'android', NULL),
(1330, 42, NULL, '2024-04-24 05:41:07', 'page_view', 'user is view home page', NULL, NULL, NULL, 0, NULL, 'android', NULL),
(1331, 42, NULL, '2024-04-24 12:17:15', 'page_view', 'user is view home page', NULL, NULL, NULL, 0, NULL, 'android', NULL),
(1332, 42, NULL, '2024-04-24 12:17:27', 'page_view', 'user is view home page', NULL, NULL, NULL, 0, NULL, 'android', NULL),
(1333, 42, NULL, '2024-04-24 15:10:12', 'page_view', 'user is view home page', NULL, NULL, NULL, 0, NULL, 'android', NULL),
(1334, 42, NULL, '2024-04-24 15:10:26', 'page_view', 'user is view home page', NULL, NULL, NULL, 0, NULL, 'android', NULL),
(1335, 42, NULL, '2024-04-24 16:19:05', 'page_view', 'user is view home page', NULL, NULL, NULL, 0, NULL, 'android', NULL),
(1336, 42, NULL, '2024-04-24 17:49:48', 'page_view', 'user is view home page', NULL, NULL, NULL, 0, NULL, 'android', NULL),
(1337, 42, NULL, '2024-04-25 10:24:18', 'page_view', 'user is view home page', NULL, NULL, NULL, 0, NULL, 'android', NULL),
(1338, 42, NULL, '2024-04-25 11:19:44', 'page_view', 'user is view home page', NULL, NULL, NULL, 0, NULL, 'android', NULL),
(1339, 42, NULL, '2024-04-25 11:28:25', 'page_view', 'user is view home page', NULL, NULL, NULL, 0, NULL, 'android', NULL),
(1340, 62, NULL, '2024-04-25 12:16:27', 'page_view', 'user is view home page', NULL, NULL, NULL, 0, NULL, 'android', NULL),
(1341, 62, NULL, '2024-04-25 12:17:09', 'page_view', 'user is view home page', NULL, NULL, NULL, 0, NULL, 'android', NULL),
(1342, 62, NULL, '2024-04-25 12:19:31', 'page_view', 'user is view home page', NULL, NULL, NULL, 0, NULL, 'android', NULL),
(1343, 62, NULL, '2024-04-25 12:20:20', 'account_crud', 'user is changed image', NULL, NULL, NULL, 0, NULL, 'android', NULL),
(1344, 42, NULL, '2024-04-26 01:53:06', 'page_view', 'user is view home page', NULL, NULL, NULL, 0, NULL, 'android', NULL),
(1345, 42, NULL, '2024-04-26 02:28:28', 'page_view', 'user is view home page', NULL, NULL, NULL, 0, NULL, 'android', NULL),
(1346, 42, NULL, '2024-04-26 02:49:26', 'page_view', 'user is view home page', NULL, NULL, NULL, 0, NULL, 'android', NULL),
(1347, 42, NULL, '2024-04-26 02:51:10', 'page_view', 'user is view home page', NULL, NULL, NULL, 0, NULL, 'android', NULL),
(1348, 42, NULL, '2024-04-26 02:54:56', 'page_view', 'user is view home page', NULL, NULL, NULL, 0, NULL, 'android', NULL),
(1349, 42, NULL, '2024-04-26 02:55:47', 'page_view', 'user is view home page', NULL, NULL, NULL, 0, NULL, 'android', NULL),
(1350, 42, NULL, '2024-04-26 02:58:33', 'page_view', 'user is view home page', NULL, NULL, NULL, 0, NULL, 'android', NULL),
(1351, 42, NULL, '2024-04-26 03:18:11', 'page_view', 'user is view home page', NULL, NULL, NULL, 0, NULL, 'android', NULL),
(1352, 58, NULL, '2024-04-26 04:16:01', 'page_view', 'user is view home page', NULL, NULL, NULL, 0, NULL, 'android', NULL),
(1353, 58, NULL, '2024-04-26 04:16:16', 'page_view', 'user is view home page', NULL, NULL, NULL, 0, NULL, 'android', NULL),
(1354, 42, NULL, '2024-04-26 04:16:46', 'page_view', 'user is view home page', NULL, NULL, NULL, 0, NULL, 'android', NULL),
(1355, 42, NULL, '2024-04-26 12:03:32', 'page_view', 'user is view home page', NULL, NULL, NULL, 0, NULL, 'android', NULL),
(1356, 42, NULL, '2024-04-26 15:07:47', 'page_view', 'user is view home page', NULL, NULL, NULL, 0, NULL, 'android', NULL),
(1357, 42, NULL, '2024-04-26 15:40:42', 'page_view', 'user is view home page', NULL, NULL, NULL, 0, NULL, 'android', NULL),
(1358, 42, NULL, '2024-04-26 15:41:24', 'page_view', 'user is view home page', NULL, NULL, NULL, 0, NULL, 'android', NULL),
(1359, 42, NULL, '2024-04-26 15:42:03', 'page_view', 'user is view home page', NULL, NULL, NULL, 0, NULL, 'android', NULL),
(1360, 42, NULL, '2024-04-27 03:51:03', 'page_view', 'user is view home page', NULL, NULL, NULL, 0, NULL, 'android', NULL),
(1361, 57, NULL, '2024-04-27 11:08:02', 'page_view', 'user is view home page', NULL, NULL, NULL, 0, NULL, 'android', NULL),
(1362, 42, NULL, '2024-04-28 23:06:17', 'page_view', 'user is view home page', NULL, NULL, NULL, 0, NULL, 'android', NULL),
(1363, 42, NULL, '2024-04-28 23:53:28', 'page_view', 'user is view home page', NULL, NULL, NULL, 0, NULL, 'android', NULL),
(1364, 42, NULL, '2024-04-28 23:54:57', 'page_view', 'user is view home page', NULL, NULL, NULL, 0, NULL, 'android', NULL),
(1365, 42, NULL, '2024-04-28 23:56:58', 'page_view', 'user is view home page', NULL, NULL, NULL, 0, NULL, 'android', NULL),
(1366, 42, NULL, '2024-04-29 00:20:13', 'page_view', 'user is view home page', NULL, NULL, NULL, 0, NULL, 'android', NULL),
(1367, 57, NULL, '2024-04-29 14:42:30', 'page_view', 'user is view home page', NULL, NULL, NULL, 0, NULL, 'android', NULL),
(1368, 42, NULL, '2024-04-29 23:15:24', 'page_view', 'user is view home page', NULL, NULL, NULL, 0, NULL, 'android', NULL),
(1369, 42, NULL, '2024-04-30 00:21:16', 'page_view', 'user is view home page', NULL, NULL, NULL, 0, NULL, 'android', NULL),
(1370, 42, NULL, '2024-04-30 00:25:18', 'page_view', 'user is view home page', NULL, NULL, NULL, 0, NULL, 'android', NULL),
(1371, 42, NULL, '2024-04-30 07:54:58', 'page_view', 'user is view home page', NULL, NULL, NULL, 0, NULL, 'android', NULL),
(1372, 42, NULL, '2024-04-30 08:55:49', 'page_view', 'user is view home page', NULL, NULL, NULL, 0, NULL, 'android', NULL),
(1373, 42, NULL, '2024-04-30 08:59:04', 'page_view', 'user is view home page', NULL, NULL, NULL, 0, NULL, 'android', NULL),
(1374, 42, NULL, '2024-04-30 09:01:14', 'page_view', 'user is view home page', NULL, NULL, NULL, 0, NULL, 'android', NULL),
(1375, 42, NULL, '2024-04-30 10:31:16', 'page_view', 'user is view home page', NULL, NULL, NULL, 0, NULL, 'android', NULL),
(1376, 42, NULL, '2024-04-30 10:38:22', 'page_view', 'user is view home page', NULL, NULL, NULL, 0, NULL, 'android', NULL),
(1377, 42, NULL, '2024-04-30 10:40:47', 'page_view', 'user is view home page', NULL, NULL, NULL, 0, NULL, 'android', NULL),
(1378, 42, NULL, '2024-05-01 20:18:54', 'page_view', 'user is view home page', NULL, NULL, NULL, 0, NULL, 'android', NULL),
(1379, 42, NULL, '2024-05-02 11:20:23', 'page_view', 'user is view home page', NULL, NULL, NULL, 0, NULL, 'android', NULL),
(1380, 57, NULL, '2024-05-02 12:37:57', 'page_view', 'user is view home page', NULL, NULL, NULL, 0, NULL, 'android', NULL),
(1381, 42, NULL, '2024-05-02 14:39:14', 'page_view', 'user is view home page', NULL, NULL, NULL, 0, NULL, 'android', NULL),
(1382, 42, NULL, '2024-05-03 05:46:02', 'page_view', 'user is view home page', NULL, NULL, NULL, 0, NULL, 'android', NULL),
(1383, 42, NULL, '2024-05-04 12:33:56', 'page_view', 'user is view home page', NULL, NULL, NULL, 0, NULL, 'android', NULL),
(1384, 42, NULL, '2024-05-04 12:34:08', 'page_view', 'user is view home page', NULL, NULL, NULL, 0, NULL, 'android', NULL),
(1385, 42, NULL, '2024-05-04 19:14:01', 'page_view', 'user is view home page', NULL, NULL, NULL, 0, NULL, 'android', NULL),
(1386, 42, NULL, '2024-05-04 19:31:05', 'page_view', 'user is view home page', NULL, NULL, NULL, 0, NULL, 'android', NULL),
(1387, 42, NULL, '2024-05-04 19:31:43', 'page_view', 'user is view home page', NULL, NULL, NULL, 0, NULL, 'android', NULL),
(1388, 42, NULL, '2024-05-04 19:32:02', 'page_view', 'user is view home page', NULL, NULL, NULL, 0, NULL, 'android', NULL),
(1389, 42, NULL, '2024-05-04 21:30:31', 'page_view', 'user is view home page', NULL, NULL, NULL, 0, NULL, 'android', NULL),
(1390, 42, NULL, '2024-05-04 22:19:09', 'page_view', 'user is view home page', NULL, NULL, NULL, 0, NULL, 'android', NULL),
(1391, 42, NULL, '2024-05-04 22:23:35', 'page_view', 'user is view home page', NULL, NULL, NULL, 0, NULL, 'android', NULL),
(1392, 42, NULL, '2024-05-04 22:28:40', 'page_view', 'user is view home page', NULL, NULL, NULL, 0, NULL, 'android', NULL),
(1393, 42, NULL, '2024-05-04 22:29:23', 'page_view', 'user is view home page', NULL, NULL, NULL, 0, NULL, 'android', NULL),
(1394, 57, NULL, '2024-05-05 02:10:57', 'page_view', 'user is view home page', NULL, NULL, NULL, 0, NULL, 'android', NULL),
(1395, 42, NULL, '2024-05-05 02:47:16', 'page_view', 'user is view home page', NULL, NULL, NULL, 0, NULL, 'android', NULL),
(1397, 42, NULL, '2024-05-05 03:19:11', 'page_view', 'user is view home page', NULL, NULL, NULL, 0, NULL, 'android', NULL),
(1398, 42, NULL, '2024-05-06 01:07:52', 'page_view', 'user is view home page', NULL, NULL, NULL, 0, NULL, 'android', NULL),
(1399, 42, NULL, '2024-05-06 01:23:16', 'page_view', 'user is view home page', NULL, NULL, NULL, 0, NULL, 'android', NULL),
(1400, 42, NULL, '2024-05-06 04:45:40', 'page_view', 'user is view home page', NULL, NULL, NULL, 0, NULL, 'android', NULL),
(1401, 42, NULL, '2024-05-06 04:57:54', 'page_view', 'user is view home page', NULL, NULL, NULL, 0, NULL, 'android', NULL),
(1402, 42, NULL, '2024-05-06 05:36:38', 'page_view', 'user is view home page', NULL, NULL, NULL, 0, NULL, 'android', NULL),
(1403, 42, NULL, '2024-05-06 05:49:03', 'page_view', 'user is view home page', NULL, NULL, NULL, 0, NULL, 'android', NULL),
(1404, 42, NULL, '2024-05-06 06:33:20', 'page_view', 'user is view home page', NULL, NULL, NULL, 0, NULL, 'android', NULL),
(1405, 42, NULL, '2024-05-06 06:34:15', 'page_view', 'user is view home page', NULL, NULL, NULL, 0, NULL, 'android', NULL),
(1406, 42, NULL, '2024-05-06 06:59:20', 'page_view', 'user is view home page', NULL, NULL, NULL, 0, NULL, 'android', NULL),
(1407, 42, NULL, '2024-05-06 07:04:17', 'page_view', 'user is view home page', NULL, NULL, NULL, 0, NULL, 'android', NULL),
(1408, 42, NULL, '2024-05-06 07:04:47', 'page_view', 'user is view home page', NULL, NULL, NULL, 0, NULL, 'android', NULL),
(1409, 42, NULL, '2024-05-06 09:22:03', 'page_view', 'user is view home page', NULL, NULL, NULL, 0, NULL, 'android', NULL),
(1410, 42, NULL, '2024-05-06 09:52:43', 'page_view', 'user is view home page', NULL, NULL, NULL, 0, NULL, 'android', NULL),
(1411, 42, NULL, '2024-05-06 09:56:31', 'page_view', 'user is view home page', NULL, NULL, NULL, 0, NULL, 'android', NULL),
(1412, 42, NULL, '2024-05-06 10:00:52', 'page_view', 'user is view home page', NULL, NULL, NULL, 0, NULL, 'android', NULL),
(1413, 42, NULL, '2024-05-06 10:03:33', 'page_view', 'user is view home page', NULL, NULL, NULL, 0, NULL, 'android', NULL),
(1414, 42, NULL, '2024-05-06 10:03:34', 'page_view', 'user is view home page', NULL, NULL, NULL, 0, NULL, 'android', NULL),
(1415, 42, NULL, '2024-05-06 11:34:46', 'page_view', 'user is view home page', NULL, NULL, NULL, 0, NULL, 'android', NULL),
(1416, 42, NULL, '2024-05-06 14:05:31', 'page_view', 'user is view home page', NULL, NULL, NULL, 0, NULL, 'android', NULL),
(1417, 42, NULL, '2024-05-06 23:59:51', 'page_view', 'user is view home page', NULL, NULL, NULL, 0, NULL, 'android', NULL),
(1418, 42, NULL, '2024-05-07 02:25:53', 'page_view', 'user is view home page', NULL, NULL, NULL, 0, NULL, 'android', NULL),
(1419, 42, NULL, '2024-05-07 02:33:48', 'page_view', 'user is view home page', NULL, NULL, NULL, 0, NULL, 'android', NULL),
(1420, 42, NULL, '2024-05-09 01:31:09', 'page_view', 'user is view home page', NULL, NULL, NULL, 0, NULL, 'android', NULL),
(1421, 42, NULL, '2024-05-09 02:01:04', 'page_view', 'user is view home page', NULL, NULL, NULL, 0, NULL, 'android', NULL),
(1422, 42, NULL, '2024-05-09 03:09:03', 'page_view', 'user is view home page', NULL, NULL, NULL, 0, NULL, 'android', NULL),
(1423, 42, NULL, '2024-05-09 03:23:21', 'page_view', 'user is view home page', NULL, NULL, NULL, 0, NULL, 'android', NULL),
(1424, 42, NULL, '2024-05-09 03:30:08', 'page_view', 'user is view home page', NULL, NULL, NULL, 0, NULL, 'android', NULL),
(1425, 42, NULL, '2024-05-09 04:18:49', 'page_view', 'user is view home page', NULL, NULL, NULL, 0, NULL, 'android', NULL),
(1426, 42, NULL, '2024-05-09 04:52:16', 'page_view', 'user is view home page', NULL, NULL, NULL, 0, NULL, 'android', NULL),
(1427, 42, NULL, '2024-05-09 05:50:55', 'page_view', 'user is view home page', NULL, NULL, NULL, 0, NULL, 'android', NULL),
(1428, 42, NULL, '2024-05-09 06:10:57', 'page_view', 'user is view home page', NULL, NULL, NULL, 0, NULL, 'android', NULL),
(1429, 42, NULL, '2024-05-09 06:11:21', 'page_view', 'user is view home page', NULL, NULL, NULL, 0, NULL, 'android', NULL),
(1430, 42, NULL, '2024-05-09 06:18:10', 'page_view', 'user is view home page', NULL, NULL, NULL, 0, NULL, 'android', NULL),
(1431, 42, NULL, '2024-05-09 06:18:55', 'page_view', 'user is view home page', NULL, NULL, NULL, 0, NULL, 'android', NULL),
(1432, 42, NULL, '2024-05-09 06:19:19', 'page_view', 'user is view home page', NULL, NULL, NULL, 0, NULL, 'android', NULL),
(1433, 42, NULL, '2024-05-09 06:19:44', 'page_view', 'user is view home page', NULL, NULL, NULL, 0, NULL, 'android', NULL),
(1434, 42, NULL, '2024-05-09 06:19:58', 'page_view', 'user is view home page', NULL, NULL, NULL, 0, NULL, 'android', NULL),
(1435, 42, NULL, '2024-05-09 06:20:34', 'page_view', 'user is view home page', NULL, NULL, NULL, 0, NULL, 'android', NULL),
(1436, 42, NULL, '2024-05-09 06:25:10', 'page_view', 'user is view home page', NULL, NULL, NULL, 0, NULL, 'android', NULL),
(1437, 42, NULL, '2024-05-09 06:26:59', 'page_view', 'user is view home page', NULL, NULL, NULL, 0, NULL, 'android', NULL),
(1438, 42, NULL, '2024-05-09 06:27:58', 'page_view', 'user is view home page', NULL, NULL, NULL, 0, NULL, 'android', NULL),
(1439, 42, NULL, '2024-05-09 06:28:36', 'page_view', 'user is view home page', NULL, NULL, NULL, 0, NULL, 'android', NULL),
(1440, 42, NULL, '2024-05-09 06:29:07', 'page_view', 'user is view home page', NULL, NULL, NULL, 0, NULL, 'android', NULL),
(1441, 42, NULL, '2024-05-09 06:29:30', 'page_view', 'user is view home page', NULL, NULL, NULL, 0, NULL, 'android', NULL),
(1442, 42, NULL, '2024-05-09 06:30:17', 'page_view', 'user is view home page', NULL, NULL, NULL, 0, NULL, 'android', NULL),
(1443, 42, NULL, '2024-05-09 06:31:21', 'page_view', 'user is view home page', NULL, NULL, NULL, 0, NULL, 'android', NULL),
(1444, 42, NULL, '2024-05-09 06:31:55', 'page_view', 'user is view home page', NULL, NULL, NULL, 0, NULL, 'android', NULL),
(1445, 42, NULL, '2024-05-09 06:33:44', 'page_view', 'user is view home page', NULL, NULL, NULL, 0, NULL, 'android', NULL),
(1446, 42, NULL, '2024-05-09 06:34:26', 'page_view', 'user is view home page', NULL, NULL, NULL, 0, NULL, 'android', NULL),
(1447, 42, NULL, '2024-05-09 06:35:26', 'page_view', 'user is view home page', NULL, NULL, NULL, 0, NULL, 'android', NULL),
(1448, 42, NULL, '2024-05-09 06:36:35', 'page_view', 'user is view home page', NULL, NULL, NULL, 0, NULL, 'android', NULL),
(1449, 42, NULL, '2024-05-09 06:38:06', 'page_view', 'user is view home page', NULL, NULL, NULL, 0, NULL, 'android', NULL),
(1450, 42, NULL, '2024-05-09 06:38:38', 'page_view', 'user is view home page', NULL, NULL, NULL, 0, NULL, 'android', NULL),
(1451, 42, NULL, '2024-05-09 06:39:10', 'page_view', 'user is view home page', NULL, NULL, NULL, 0, NULL, 'android', NULL),
(1452, 42, NULL, '2024-05-09 06:39:38', 'page_view', 'user is view home page', NULL, NULL, NULL, 0, NULL, 'android', NULL),
(1453, 42, NULL, '2024-05-09 06:39:59', 'page_view', 'user is view home page', NULL, NULL, NULL, 0, NULL, 'android', NULL),
(1454, 42, NULL, '2024-05-09 06:40:19', 'page_view', 'user is view home page', NULL, NULL, NULL, 0, NULL, 'android', NULL),
(1455, 42, NULL, '2024-05-09 06:41:00', 'page_view', 'user is view home page', NULL, NULL, NULL, 0, NULL, 'android', NULL),
(1456, 42, NULL, '2024-05-09 06:44:43', 'page_view', 'user is view home page', NULL, NULL, NULL, 0, NULL, 'android', NULL),
(1457, 42, NULL, '2024-05-09 06:51:21', 'page_view', 'user is view home page', NULL, NULL, NULL, 0, NULL, 'android', NULL),
(1458, 42, NULL, '2024-05-09 07:04:20', 'page_view', 'user is view home page', NULL, NULL, NULL, 0, NULL, 'android', NULL),
(1459, 42, NULL, '2024-05-09 07:04:29', 'page_view', 'user is view home page', NULL, NULL, NULL, 0, NULL, 'android', NULL),
(1460, 42, NULL, '2024-05-09 07:06:02', 'page_view', 'user is view home page', NULL, NULL, NULL, 0, NULL, 'android', NULL),
(1461, 42, NULL, '2024-05-09 07:06:26', 'page_view', 'user is view home page', NULL, NULL, NULL, 0, NULL, 'android', NULL),
(1462, 42, NULL, '2024-05-09 08:01:26', 'page_view', 'user is view home page', NULL, NULL, NULL, 0, NULL, 'android', NULL),
(1463, 42, NULL, '2024-05-09 08:09:04', 'page_view', 'user is view home page', NULL, NULL, NULL, 0, NULL, 'android', NULL),
(1464, 42, NULL, '2024-05-09 09:01:37', 'page_view', 'user is view home page', NULL, NULL, NULL, 0, NULL, 'android', NULL),
(1465, 42, NULL, '2024-05-10 09:53:54', 'page_view', 'user is view home page', NULL, NULL, NULL, 0, NULL, 'android', NULL),
(1466, 42, NULL, '2024-05-10 09:56:17', 'page_view', 'user is view home page', NULL, NULL, NULL, 0, NULL, 'android', NULL),
(1467, 42, NULL, '2024-05-10 12:23:30', 'page_view', 'user is view home page', NULL, NULL, NULL, 0, NULL, 'android', NULL),
(1468, 42, NULL, '2024-05-10 12:46:37', 'page_view', 'user is view home page', NULL, NULL, NULL, 0, NULL, 'android', NULL),
(1469, 42, NULL, '2024-05-10 13:34:00', 'page_view', 'user is view home page', NULL, NULL, NULL, 0, NULL, 'android', NULL),
(1470, 42, NULL, '2024-05-10 13:34:29', 'page_view', 'user is view home page', NULL, NULL, NULL, 0, NULL, 'android', NULL),
(1471, 42, NULL, '2024-05-10 13:34:50', 'page_view', 'user is view home page', NULL, NULL, NULL, 0, NULL, 'android', NULL),
(1472, 42, NULL, '2024-05-10 14:01:17', 'page_view', 'user is view home page', NULL, NULL, NULL, 0, NULL, 'android', NULL),
(1473, 42, NULL, '2024-05-10 22:00:00', 'page_view', 'user is view home page', NULL, NULL, NULL, 0, NULL, 'android', NULL),
(1474, 42, NULL, '2024-05-10 22:00:13', 'page_view', 'user is view home page', NULL, NULL, NULL, 0, NULL, 'android', NULL),
(1475, 42, NULL, '2024-05-10 22:15:00', 'page_view', 'user is view home page', NULL, NULL, NULL, 0, NULL, 'android', NULL),
(1476, 42, NULL, '2024-05-10 22:17:53', 'page_view', 'user is view home page', NULL, NULL, NULL, 0, NULL, 'android', NULL);
INSERT INTO `user_action_history` (`action_id`, `user_id`, `device_id`, `action_time`, `action_type`, `action_details`, `ip_address`, `location_info`, `action_duration`, `status_code`, `error_message`, `access_type`, `additional_data`) VALUES
(1477, 42, NULL, '2024-05-10 22:19:30', 'page_view', 'user is view home page', NULL, NULL, NULL, 0, NULL, 'android', NULL),
(1478, 42, NULL, '2024-05-10 22:32:53', 'page_view', 'user is view home page', NULL, NULL, NULL, 0, NULL, 'android', NULL),
(1479, 42, NULL, '2024-05-10 22:33:10', 'page_view', 'user is view home page', NULL, NULL, NULL, 0, NULL, 'android', NULL),
(1480, 42, NULL, '2024-05-11 00:55:10', 'page_view', 'user is view home page', NULL, NULL, NULL, 0, NULL, 'android', NULL),
(1481, 42, NULL, '2024-05-11 00:55:53', 'page_view', 'user is view home page', NULL, NULL, NULL, 0, NULL, 'android', NULL),
(1482, 62, NULL, '2024-05-11 12:23:15', 'page_view', 'user is view home page', NULL, NULL, NULL, 0, NULL, 'android', NULL),
(1483, 42, NULL, '2024-05-12 11:00:05', 'page_view', 'user is view home page', NULL, NULL, NULL, 0, NULL, 'android', NULL),
(1484, 42, NULL, '2024-05-12 11:09:29', 'page_view', 'user is view home page', NULL, NULL, NULL, 0, NULL, 'android', NULL),
(1485, 42, NULL, '2024-05-12 11:13:00', 'page_view', 'user is view home page', NULL, NULL, NULL, 0, NULL, 'android', NULL),
(1486, 42, NULL, '2024-05-12 11:15:37', 'page_view', 'user is view home page', NULL, NULL, NULL, 0, NULL, 'android', NULL),
(1487, 42, NULL, '2024-05-12 11:31:33', 'page_view', 'user is view home page', NULL, NULL, NULL, 0, NULL, 'android', NULL),
(1488, 42, NULL, '2024-05-12 11:36:52', 'page_view', 'user is view home page', NULL, NULL, NULL, 0, NULL, 'android', NULL),
(1489, 42, NULL, '2024-05-12 13:11:09', 'page_view', 'user is view home page', NULL, NULL, NULL, 0, NULL, 'android', NULL),
(1490, 42, NULL, '2024-05-12 13:46:26', 'page_view', 'user is view home page', NULL, NULL, NULL, 0, NULL, 'android', NULL),
(1491, 42, NULL, '2024-05-12 13:49:45', 'page_view', 'user is view home page', NULL, NULL, NULL, 0, NULL, 'android', NULL),
(1492, 42, NULL, '2024-05-12 14:52:10', 'page_view', 'user is view home page', NULL, NULL, NULL, 0, NULL, 'android', NULL),
(1493, 42, NULL, '2024-05-12 14:55:43', 'page_view', 'user is view home page', NULL, NULL, NULL, 0, NULL, 'android', NULL),
(1494, 42, NULL, '2024-05-12 14:58:36', 'page_view', 'user is view home page', NULL, NULL, NULL, 0, NULL, 'android', NULL),
(1495, 42, NULL, '2024-05-12 14:59:30', 'page_view', 'user is view home page', NULL, NULL, NULL, 0, NULL, 'android', NULL),
(1496, 42, NULL, '2024-05-12 15:02:59', 'page_view', 'user is view home page', NULL, NULL, NULL, 0, NULL, 'android', NULL),
(1497, 42, NULL, '2024-05-12 15:04:07', 'page_view', 'user is view home page', NULL, NULL, NULL, 0, NULL, 'android', NULL),
(1498, 57, NULL, '2024-05-12 18:59:37', 'page_view', 'user is view home page', NULL, NULL, NULL, 0, NULL, 'android', NULL),
(1499, 42, NULL, '2024-05-12 19:54:35', 'page_view', 'user is view home page', NULL, NULL, NULL, 0, NULL, 'android', NULL),
(1500, 42, NULL, '2024-05-12 20:01:42', 'page_view', 'user is view home page', NULL, NULL, NULL, 0, NULL, 'android', NULL),
(1501, 42, NULL, '2024-05-13 04:11:50', 'page_view', 'user is view home page', NULL, NULL, NULL, 0, NULL, 'android', NULL),
(1502, 42, NULL, '2024-05-13 06:33:03', 'page_view', 'user is view home page', NULL, NULL, NULL, 0, NULL, 'android', NULL),
(1503, 42, NULL, '2024-05-13 07:42:51', 'page_view', 'user is view home page', NULL, NULL, NULL, 0, NULL, 'android', NULL),
(1504, 42, NULL, '2024-05-13 08:39:56', 'page_view', 'user is view home page', NULL, NULL, NULL, 0, NULL, 'android', NULL),
(1505, 42, NULL, '2024-05-13 09:46:15', 'page_view', 'user is view home page', NULL, NULL, NULL, 0, NULL, 'android', NULL),
(1506, 57, NULL, '2024-05-13 09:46:36', 'page_view', 'user is view home page', NULL, NULL, NULL, 0, NULL, 'android', NULL),
(1507, 42, NULL, '2024-05-13 10:16:22', 'page_view', 'user is view home page', NULL, NULL, NULL, 0, NULL, 'android', NULL),
(1508, 42, NULL, '2024-05-14 00:49:59', 'page_view', 'user is view home page', NULL, NULL, NULL, 0, NULL, 'android', NULL),
(1509, 42, NULL, '2024-05-14 12:15:19', 'page_view', 'user is view home page', NULL, NULL, NULL, 0, NULL, 'android', NULL),
(1510, 42, NULL, '2024-05-14 14:06:17', 'page_view', 'user is view home page', NULL, NULL, NULL, 0, NULL, 'android', NULL),
(1511, 42, NULL, '2024-05-14 15:38:08', 'page_view', 'user is view home page', NULL, NULL, NULL, 0, NULL, 'android', NULL),
(1512, 42, NULL, '2024-05-14 16:00:31', 'page_view', 'user is view home page', NULL, NULL, NULL, 0, NULL, 'android', NULL),
(1513, 42, NULL, '2024-05-14 17:20:10', 'page_view', 'user is view home page', NULL, NULL, NULL, 0, NULL, 'android', NULL),
(1514, 42, NULL, '2024-05-15 00:13:07', 'page_view', 'user is view home page', NULL, NULL, NULL, 0, NULL, 'android', NULL),
(1515, 42, NULL, '2024-05-15 01:57:06', 'page_view', 'user is view home page', NULL, NULL, NULL, 0, NULL, 'android', NULL),
(1516, 42, NULL, '2024-05-15 02:07:32', 'page_view', 'user is view home page', NULL, NULL, NULL, 0, NULL, 'android', NULL),
(1517, 42, NULL, '2024-05-15 02:08:36', 'page_view', 'user is view home page', NULL, NULL, NULL, 0, NULL, 'android', NULL),
(1518, 42, NULL, '2024-05-15 02:08:40', 'page_view', 'user is view home page', NULL, NULL, NULL, 0, NULL, 'android', NULL),
(1519, 42, NULL, '2024-05-15 02:09:27', 'page_view', 'user is view home page', NULL, NULL, NULL, 0, NULL, 'android', NULL),
(1520, 42, NULL, '2024-05-15 02:10:03', 'page_view', 'user is view home page', NULL, NULL, NULL, 0, NULL, 'android', NULL),
(1521, 42, NULL, '2024-05-15 02:10:10', 'page_view', 'user is view home page', NULL, NULL, NULL, 0, NULL, 'android', NULL),
(1522, 42, NULL, '2024-05-15 02:11:06', 'page_view', 'user is view home page', NULL, NULL, NULL, 0, NULL, 'android', NULL),
(1523, 42, NULL, '2024-05-15 02:11:23', 'page_view', 'user is view home page', NULL, NULL, NULL, 0, NULL, 'android', NULL),
(1524, 42, NULL, '2024-05-15 02:11:34', 'page_view', 'user is view home page', NULL, NULL, NULL, 0, NULL, 'android', NULL),
(1525, 42, NULL, '2024-05-15 02:12:02', 'page_view', 'user is view home page', NULL, NULL, NULL, 0, NULL, 'android', NULL),
(1526, 42, NULL, '2024-05-15 02:13:25', 'page_view', 'user is view home page', NULL, NULL, NULL, 0, NULL, 'android', NULL),
(1527, 42, NULL, '2024-05-15 02:13:32', 'page_view', 'user is view home page', NULL, NULL, NULL, 0, NULL, 'android', NULL),
(1528, 42, NULL, '2024-05-15 02:14:18', 'page_view', 'user is view home page', NULL, NULL, NULL, 0, NULL, 'android', NULL),
(1529, 42, NULL, '2024-05-15 02:14:41', 'page_view', 'user is view home page', NULL, NULL, NULL, 0, NULL, 'android', NULL),
(1530, 42, NULL, '2024-05-15 02:14:44', 'page_view', 'user is view home page', NULL, NULL, NULL, 0, NULL, 'android', NULL),
(1531, 42, NULL, '2024-05-15 02:14:46', 'page_view', 'user is view home page', NULL, NULL, NULL, 0, NULL, 'android', NULL),
(1532, 42, NULL, '2024-05-15 02:42:23', 'page_view', 'user is view home page', NULL, NULL, NULL, 0, NULL, 'android', NULL),
(1533, 42, NULL, '2024-05-15 03:01:52', 'page_view', 'user is view home page', NULL, NULL, NULL, 0, NULL, 'android', NULL),
(1534, 42, NULL, '2024-05-15 03:07:24', 'page_view', 'user is view home page', NULL, NULL, NULL, 0, NULL, 'android', NULL),
(1535, 42, NULL, '2024-05-15 03:11:49', 'page_view', 'user is view home page', NULL, NULL, NULL, 0, NULL, 'android', NULL),
(1536, 42, NULL, '2024-05-15 03:18:14', 'page_view', 'user is view home page', NULL, NULL, NULL, 0, NULL, 'android', NULL),
(1537, 42, NULL, '2024-05-15 03:28:31', 'page_view', 'user is view home page', NULL, NULL, NULL, 0, NULL, 'android', NULL),
(1538, 42, NULL, '2024-05-15 03:34:35', 'page_view', 'user is view home page', NULL, NULL, NULL, 0, NULL, 'android', NULL),
(1539, 42, NULL, '2024-05-15 03:37:56', 'page_view', 'user is view home page', NULL, NULL, NULL, 0, NULL, 'android', NULL),
(1540, 42, NULL, '2024-05-15 03:44:29', 'page_view', 'user is view home page', NULL, NULL, NULL, 0, NULL, 'android', NULL),
(1541, 42, NULL, '2024-05-15 05:02:06', 'page_view', 'user is view home page', NULL, NULL, NULL, 0, NULL, 'android', NULL),
(1542, 42, NULL, '2024-05-15 05:03:19', 'page_view', 'user is view home page', NULL, NULL, NULL, 0, NULL, 'android', NULL),
(1543, 42, NULL, '2024-05-15 05:07:00', 'page_view', 'user is view home page', NULL, NULL, NULL, 0, NULL, 'android', NULL),
(1544, 42, NULL, '2024-05-15 05:09:29', 'page_view', 'user is view home page', NULL, NULL, NULL, 0, NULL, 'android', NULL),
(1545, 42, NULL, '2024-05-15 05:11:45', 'page_view', 'user is view home page', NULL, NULL, NULL, 0, NULL, 'android', NULL),
(1546, 42, NULL, '2024-05-15 05:12:57', 'page_view', 'user is view home page', NULL, NULL, NULL, 0, NULL, 'android', NULL),
(1547, 42, NULL, '2024-05-15 05:17:06', 'page_view', 'user is view home page', NULL, NULL, NULL, 0, NULL, 'android', NULL),
(1548, 42, NULL, '2024-05-15 05:26:40', 'page_view', 'user is view home page', NULL, NULL, NULL, 0, NULL, 'android', NULL),
(1549, 42, NULL, '2024-05-15 05:27:23', 'page_view', 'user is view home page', NULL, NULL, NULL, 0, NULL, 'android', NULL),
(1550, 58, NULL, '2024-05-15 05:36:21', 'page_view', 'user is view home page', NULL, NULL, NULL, 0, NULL, 'android', NULL),
(1551, 58, NULL, '2024-05-15 05:42:37', 'page_view', 'user is view home page', NULL, NULL, NULL, 0, NULL, 'android', NULL),
(1552, 42, NULL, '2024-05-15 05:48:53', 'page_view', 'user is view home page', NULL, NULL, NULL, 0, NULL, 'android', NULL),
(1553, 58, NULL, '2024-05-15 05:48:57', 'page_view', 'user is view home page', NULL, NULL, NULL, 0, NULL, 'android', NULL),
(1554, 42, NULL, '2024-05-15 05:51:32', 'page_view', 'user is view home page', NULL, NULL, NULL, 0, NULL, 'android', NULL),
(1555, 58, NULL, '2024-05-15 05:51:39', 'page_view', 'user is view home page', NULL, NULL, NULL, 0, NULL, 'android', NULL),
(1556, 58, NULL, '2024-05-15 05:52:52', 'page_view', 'user is view home page', NULL, NULL, NULL, 0, NULL, 'android', NULL),
(1557, 58, NULL, '2024-05-15 05:55:29', 'page_view', 'user is view home page', NULL, NULL, NULL, 0, NULL, 'android', NULL),
(1558, 58, NULL, '2024-05-15 05:56:00', 'page_view', 'user is view home page', NULL, NULL, NULL, 0, NULL, 'android', NULL),
(1559, 58, NULL, '2024-05-15 05:56:59', 'page_view', 'user is view home page', NULL, NULL, NULL, 0, NULL, 'android', NULL),
(1560, 58, NULL, '2024-05-15 05:57:21', 'page_view', 'user is view home page', NULL, NULL, NULL, 0, NULL, 'android', NULL),
(1561, 58, NULL, '2024-05-15 05:58:10', 'page_view', 'user is view home page', NULL, NULL, NULL, 0, NULL, 'android', NULL),
(1562, 58, NULL, '2024-05-15 06:00:18', 'page_view', 'user is view home page', NULL, NULL, NULL, 0, NULL, 'android', NULL),
(1563, 58, NULL, '2024-05-15 06:00:56', 'page_view', 'user is view home page', NULL, NULL, NULL, 0, NULL, 'android', NULL),
(1564, 58, NULL, '2024-05-15 06:02:02', 'page_view', 'user is view home page', NULL, NULL, NULL, 0, NULL, 'android', NULL),
(1565, 42, NULL, '2024-05-15 06:02:56', 'page_view', 'user is view home page', NULL, NULL, NULL, 0, NULL, 'android', NULL),
(1566, 58, NULL, '2024-05-15 06:10:28', 'page_view', 'user is view home page', NULL, NULL, NULL, 0, NULL, 'android', NULL),
(1567, 58, NULL, '2024-05-15 06:11:26', 'page_view', 'user is view home page', NULL, NULL, NULL, 0, NULL, 'android', NULL),
(1568, 42, NULL, '2024-05-15 06:11:29', 'page_view', 'user is view home page', NULL, NULL, NULL, 0, NULL, 'android', NULL),
(1569, 58, NULL, '2024-05-15 06:12:58', 'page_view', 'user is view home page', NULL, NULL, NULL, 0, NULL, 'android', NULL),
(1570, 58, NULL, '2024-05-15 06:14:00', 'page_view', 'user is view home page', NULL, NULL, NULL, 0, NULL, 'android', NULL),
(1571, 42, NULL, '2024-05-15 06:14:12', 'page_view', 'user is view home page', NULL, NULL, NULL, 0, NULL, 'android', NULL),
(1572, 58, NULL, '2024-05-15 06:15:01', 'page_view', 'user is view home page', NULL, NULL, NULL, 0, NULL, 'android', NULL),
(1573, 42, NULL, '2024-05-15 06:15:18', 'page_view', 'user is view home page', NULL, NULL, NULL, 0, NULL, 'android', NULL),
(1574, 58, NULL, '2024-05-15 06:15:34', 'page_view', 'user is view home page', NULL, NULL, NULL, 0, NULL, 'android', NULL),
(1575, 58, NULL, '2024-05-15 06:17:40', 'page_view', 'user is view home page', NULL, NULL, NULL, 0, NULL, 'android', NULL),
(1576, 42, NULL, '2024-05-15 06:17:51', 'page_view', 'user is view home page', NULL, NULL, NULL, 0, NULL, 'android', NULL),
(1577, 58, NULL, '2024-05-15 06:18:37', 'page_view', 'user is view home page', NULL, NULL, NULL, 0, NULL, 'android', NULL),
(1578, 42, NULL, '2024-05-15 06:18:51', 'page_view', 'user is view home page', NULL, NULL, NULL, 0, NULL, 'android', NULL),
(1579, 58, NULL, '2024-05-15 06:19:18', 'page_view', 'user is view home page', NULL, NULL, NULL, 0, NULL, 'android', NULL),
(1580, 42, NULL, '2024-05-15 06:19:22', 'page_view', 'user is view home page', NULL, NULL, NULL, 0, NULL, 'android', NULL),
(1581, 58, NULL, '2024-05-15 06:19:58', 'page_view', 'user is view home page', NULL, NULL, NULL, 0, NULL, 'android', NULL),
(1582, 58, NULL, '2024-05-15 06:20:03', 'page_view', 'user is view home page', NULL, NULL, NULL, 0, NULL, 'android', NULL),
(1583, 58, NULL, '2024-05-15 06:20:25', 'page_view', 'user is view home page', NULL, NULL, NULL, 0, NULL, 'android', NULL),
(1584, 58, NULL, '2024-05-15 06:20:49', 'page_view', 'user is view home page', NULL, NULL, NULL, 0, NULL, 'android', NULL),
(1585, 42, NULL, '2024-05-15 06:20:55', 'page_view', 'user is view home page', NULL, NULL, NULL, 0, NULL, 'android', NULL),
(1586, 58, NULL, '2024-05-15 06:33:37', 'page_view', 'user is view home page', NULL, NULL, NULL, 0, NULL, 'android', NULL),
(1587, 42, NULL, '2024-05-15 06:33:41', 'page_view', 'user is view home page', NULL, NULL, NULL, 0, NULL, 'android', NULL),
(1588, 58, NULL, '2024-05-15 06:35:05', 'page_view', 'user is view home page', NULL, NULL, NULL, 0, NULL, 'android', NULL),
(1589, 58, NULL, '2024-05-15 06:37:24', 'page_view', 'user is view home page', NULL, NULL, NULL, 0, NULL, 'android', NULL),
(1590, 42, NULL, '2024-05-15 06:37:37', 'page_view', 'user is view home page', NULL, NULL, NULL, 0, NULL, 'android', NULL),
(1591, 58, NULL, '2024-05-15 06:38:49', 'page_view', 'user is view home page', NULL, NULL, NULL, 0, NULL, 'android', NULL),
(1592, 58, NULL, '2024-05-15 06:40:18', 'page_view', 'user is view home page', NULL, NULL, NULL, 0, NULL, 'android', NULL),
(1593, 58, NULL, '2024-05-15 06:41:09', 'page_view', 'user is view home page', NULL, NULL, NULL, 0, NULL, 'android', NULL),
(1594, 58, NULL, '2024-05-15 06:49:37', 'page_view', 'user is view home page', NULL, NULL, NULL, 0, NULL, 'android', NULL),
(1595, 58, NULL, '2024-05-15 07:09:14', 'page_view', 'user is view home page', NULL, NULL, NULL, 0, NULL, 'android', NULL),
(1596, 58, NULL, '2024-05-15 07:10:12', 'page_view', 'user is view home page', NULL, NULL, NULL, 0, NULL, 'android', NULL),
(1597, 58, NULL, '2024-05-15 07:10:23', 'page_view', 'user is view home page', NULL, NULL, NULL, 0, NULL, 'android', NULL),
(1598, 42, NULL, '2024-05-15 07:10:24', 'page_view', 'user is view home page', NULL, NULL, NULL, 0, NULL, 'android', NULL),
(1599, 42, NULL, '2024-05-15 07:14:42', 'page_view', 'user is view home page', NULL, NULL, NULL, 0, NULL, 'android', NULL),
(1600, 42, NULL, '2024-05-15 07:17:18', 'page_view', 'user is view home page', NULL, NULL, NULL, 0, NULL, 'android', NULL),
(1601, 42, NULL, '2024-05-15 07:19:43', 'page_view', 'user is view home page', NULL, NULL, NULL, 0, NULL, 'android', NULL),
(1602, 42, NULL, '2024-05-15 07:19:49', 'page_view', 'user is view home page', NULL, NULL, NULL, 0, NULL, 'android', NULL),
(1603, 42, NULL, '2024-05-15 07:24:46', 'page_view', 'user is view home page', NULL, NULL, NULL, 0, NULL, 'android', NULL),
(1604, 42, NULL, '2024-05-15 07:31:52', 'page_view', 'user is view home page', NULL, NULL, NULL, 0, NULL, 'android', NULL),
(1605, 42, NULL, '2024-05-15 07:32:06', 'page_view', 'user is view home page', NULL, NULL, NULL, 0, NULL, 'android', NULL),
(1606, 42, NULL, '2024-05-15 07:36:11', 'page_view', 'user is view home page', NULL, NULL, NULL, 0, NULL, 'android', NULL),
(1607, 42, NULL, '2024-05-15 07:38:15', 'page_view', 'user is view home page', NULL, NULL, NULL, 0, NULL, 'android', NULL),
(1608, 42, NULL, '2024-05-15 07:53:24', 'page_view', 'user is view home page', NULL, NULL, NULL, 0, NULL, 'android', NULL),
(1609, 42, NULL, '2024-05-15 07:54:47', 'page_view', 'user is view home page', NULL, NULL, NULL, 0, NULL, 'android', NULL),
(1610, 42, NULL, '2024-05-15 08:13:57', 'page_view', 'user is view home page', NULL, NULL, NULL, 0, NULL, 'android', NULL),
(1611, 42, NULL, '2024-05-15 08:14:00', 'page_view', 'user is view home page', NULL, NULL, NULL, 0, NULL, 'android', NULL),
(1612, 58, NULL, '2024-05-15 08:14:47', 'page_view', 'user is view home page', NULL, NULL, NULL, 0, NULL, 'android', NULL),
(1613, 58, NULL, '2024-05-15 08:17:00', 'page_view', 'user is view home page', NULL, NULL, NULL, 0, NULL, 'android', NULL),
(1614, 42, NULL, '2024-05-15 08:20:33', 'page_view', 'user is view home page', NULL, NULL, NULL, 0, NULL, 'android', NULL),
(1615, 58, NULL, '2024-05-15 08:21:22', 'page_view', 'user is view home page', NULL, NULL, NULL, 0, NULL, 'android', NULL),
(1616, 58, NULL, '2024-05-15 08:23:01', 'account_crud', 'user is changed image', NULL, NULL, NULL, 0, NULL, 'android', NULL),
(1617, 58, NULL, '2024-05-15 08:23:27', 'page_view', 'user is view home page', NULL, NULL, NULL, 0, NULL, 'android', NULL),
(1618, 42, NULL, '2024-05-15 08:38:24', 'page_view', 'user is view home page', NULL, NULL, NULL, 0, NULL, 'android', NULL),
(1619, 42, NULL, '2024-05-15 08:49:15', 'page_view', 'user is view home page', NULL, NULL, NULL, 0, NULL, 'android', NULL),
(1620, 58, NULL, '2024-05-15 08:51:46', 'page_view', 'user is view home page', NULL, NULL, NULL, 0, NULL, 'android', NULL),
(1621, 57, NULL, '2024-05-15 11:15:31', 'page_view', 'user is view home page', NULL, NULL, NULL, 0, NULL, 'android', NULL),
(1622, 57, NULL, '2024-05-15 11:15:54', 'page_view', 'user is view home page', NULL, NULL, NULL, 0, NULL, 'android', NULL),
(1623, 57, NULL, '2024-05-15 11:22:21', 'page_view', 'user is view home page', NULL, NULL, NULL, 0, NULL, 'android', NULL),
(1624, 57, NULL, '2024-05-15 11:22:22', 'page_view', 'user is view home page', NULL, NULL, NULL, 0, NULL, 'android', NULL),
(1625, 57, NULL, '2024-05-15 11:22:26', 'page_view', 'user is view home page', NULL, NULL, NULL, 0, NULL, 'android', NULL),
(1626, 57, NULL, '2024-05-15 11:22:27', 'page_view', 'user is view home page', NULL, NULL, NULL, 0, NULL, 'android', NULL),
(1627, 57, NULL, '2024-05-15 11:22:28', 'page_view', 'user is view home page', NULL, NULL, NULL, 0, NULL, 'android', NULL),
(1628, 57, NULL, '2024-05-15 11:22:30', 'page_view', 'user is view home page', NULL, NULL, NULL, 0, NULL, 'android', NULL),
(1629, 57, NULL, '2024-05-15 11:23:21', 'page_view', 'user is view home page', NULL, NULL, NULL, 0, NULL, 'android', NULL),
(1630, 42, NULL, '2024-05-15 11:28:11', 'page_view', 'user is view home page', NULL, NULL, NULL, 0, NULL, 'android', NULL),
(1631, 58, NULL, '2024-05-15 11:28:43', 'page_view', 'user is view home page', NULL, NULL, NULL, 0, NULL, 'android', NULL),
(1632, 57, NULL, '2024-05-15 11:31:56', 'page_view', 'user is view home page', NULL, NULL, NULL, 0, NULL, 'android', NULL),
(1633, 57, NULL, '2024-05-15 11:45:50', 'page_view', 'user is view home page', NULL, NULL, NULL, 0, NULL, 'android', NULL),
(1634, 57, NULL, '2024-05-15 11:46:41', 'page_view', 'user is view home page', NULL, NULL, NULL, 0, NULL, 'android', NULL),
(1635, 57, NULL, '2024-05-15 12:05:14', 'page_view', 'user is view home page', NULL, NULL, NULL, 0, NULL, 'android', NULL),
(1636, 57, NULL, '2024-05-15 12:08:46', 'page_view', 'user is view home page', NULL, NULL, NULL, 0, NULL, 'android', NULL),
(1637, 66, NULL, '2024-05-15 12:12:55', 'page_view', 'user is view home page', NULL, NULL, NULL, 0, NULL, 'android', NULL),
(1638, 66, NULL, '2024-05-15 12:14:17', 'page_view', 'user is view home page', NULL, NULL, NULL, 0, NULL, 'android', NULL),
(1639, 58, NULL, '2024-05-15 12:14:27', 'page_view', 'user is view home page', NULL, NULL, NULL, 0, NULL, 'android', NULL),
(1640, 42, NULL, '2024-05-15 12:16:44', 'page_view', 'user is view home page', NULL, NULL, NULL, 0, NULL, 'android', NULL),
(1641, 66, NULL, '2024-05-15 12:17:56', 'page_view', 'user is view home page', NULL, NULL, NULL, 0, NULL, 'android', NULL),
(1642, 66, NULL, '2024-05-15 12:17:59', 'page_view', 'user is view home page', NULL, NULL, NULL, 0, NULL, 'android', NULL),
(1643, 42, NULL, '2024-05-16 00:51:14', 'page_view', 'user is view home page', NULL, NULL, NULL, 0, NULL, 'android', NULL),
(1644, 42, NULL, '2024-05-16 01:38:17', 'page_view', 'user is view home page', NULL, NULL, NULL, 0, NULL, 'android', NULL),
(1645, 42, NULL, '2024-05-16 01:41:42', 'page_view', 'user is view home page', NULL, NULL, NULL, 0, NULL, 'android', NULL),
(1646, 42, NULL, '2024-05-16 01:58:00', 'page_view', 'user is view home page', NULL, NULL, NULL, 0, NULL, 'android', NULL),
(1647, 42, NULL, '2024-05-16 02:34:17', 'page_view', 'user is view home page', NULL, NULL, NULL, 0, NULL, 'android', NULL),
(1648, 42, NULL, '2024-05-16 02:34:48', 'page_view', 'user is view home page', NULL, NULL, NULL, 0, NULL, 'android', NULL),
(1649, 58, NULL, '2024-05-16 02:38:05', 'page_view', 'user is view home page', NULL, NULL, NULL, 0, NULL, 'android', NULL),
(1650, 42, NULL, '2024-05-16 02:48:48', 'page_view', 'user is view home page', NULL, NULL, NULL, 0, NULL, 'android', NULL),
(1651, 58, NULL, '2024-05-16 03:20:41', 'page_view', 'user is view home page', NULL, NULL, NULL, 0, NULL, 'android', NULL),
(1652, 42, NULL, '2024-05-16 03:21:31', 'page_view', 'user is view home page', NULL, NULL, NULL, 0, NULL, 'android', NULL),
(1653, 42, NULL, '2024-05-16 03:22:29', 'page_view', 'user is view home page', NULL, NULL, NULL, 0, NULL, 'android', NULL),
(1654, 42, NULL, '2024-05-16 03:43:58', 'page_view', 'user is view home page', NULL, NULL, NULL, 0, NULL, 'android', NULL),
(1655, 42, NULL, '2024-05-16 03:56:23', 'page_view', 'user is view home page', NULL, NULL, NULL, 0, NULL, 'android', NULL),
(1656, 42, NULL, '2024-05-16 04:08:55', 'page_view', 'user is view home page', NULL, NULL, NULL, 0, NULL, 'android', NULL),
(1657, 58, NULL, '2024-05-16 04:30:56', 'page_view', 'user is view home page', NULL, NULL, NULL, 0, NULL, 'android', NULL),
(1658, 57, NULL, '2024-05-16 09:32:03', 'page_view', 'user is view home page', NULL, NULL, NULL, 0, NULL, 'android', NULL),
(1659, 57, NULL, '2024-05-16 09:43:01', 'page_view', 'user is view home page', NULL, NULL, NULL, 0, NULL, 'android', NULL),
(1660, 42, NULL, '2024-05-16 09:56:57', 'page_view', 'user is view home page', NULL, NULL, NULL, 0, NULL, 'android', NULL),
(1661, 42, NULL, '2024-05-16 09:58:05', 'page_view', 'user is view home page', NULL, NULL, NULL, 0, NULL, 'android', NULL),
(1662, 42, NULL, '2024-05-16 09:58:28', 'page_view', 'user is view home page', NULL, NULL, NULL, 0, NULL, 'android', NULL),
(1663, 42, NULL, '2024-05-16 10:20:25', 'page_view', 'user is view home page', NULL, NULL, NULL, 0, NULL, 'android', NULL),
(1664, 42, NULL, '2024-05-16 10:20:42', 'page_view', 'user is view home page', NULL, NULL, NULL, 0, NULL, 'android', NULL),
(1665, 42, NULL, '2024-05-16 10:22:20', 'page_view', 'user is view home page', NULL, NULL, NULL, 0, NULL, 'android', NULL),
(1666, 42, NULL, '2024-05-16 10:22:27', 'page_view', 'user is view home page', NULL, NULL, NULL, 0, NULL, 'android', NULL),
(1667, 42, NULL, '2024-05-16 10:22:33', 'page_view', 'user is view home page', NULL, NULL, NULL, 0, NULL, 'android', NULL),
(1668, 42, NULL, '2024-05-16 10:22:54', 'page_view', 'user is view home page', NULL, NULL, NULL, 0, NULL, 'android', NULL),
(1669, 42, NULL, '2024-05-16 10:24:46', 'page_view', 'user is view home page', NULL, NULL, NULL, 0, NULL, 'android', NULL),
(1670, 42, NULL, '2024-05-16 10:27:10', 'page_view', 'user is view home page', NULL, NULL, NULL, 0, NULL, 'android', NULL),
(1671, 42, NULL, '2024-05-16 10:27:29', 'page_view', 'user is view home page', NULL, NULL, NULL, 0, NULL, 'android', NULL),
(1672, 42, NULL, '2024-05-16 10:29:45', 'page_view', 'user is view home page', NULL, NULL, NULL, 0, NULL, 'android', NULL),
(1673, 42, NULL, '2024-05-16 10:33:02', 'page_view', 'user is view home page', NULL, NULL, NULL, 0, NULL, 'android', NULL),
(1674, 42, NULL, '2024-05-16 10:33:06', 'page_view', 'user is view home page', NULL, NULL, NULL, 0, NULL, 'android', NULL),
(1675, 42, NULL, '2024-05-16 10:46:37', 'page_view', 'user is view home page', NULL, NULL, NULL, 0, NULL, 'android', NULL),
(1676, 42, NULL, '2024-05-16 10:49:54', 'page_view', 'user is view home page', NULL, NULL, NULL, 0, NULL, 'android', NULL),
(1677, 42, NULL, '2024-05-16 10:54:59', 'page_view', 'user is view home page', NULL, NULL, NULL, 0, NULL, 'android', NULL),
(1678, 42, NULL, '2024-05-16 10:57:15', 'page_view', 'user is view home page', NULL, NULL, NULL, 0, NULL, 'android', NULL),
(1679, 42, NULL, '2024-05-16 11:00:15', 'page_view', 'user is view home page', NULL, NULL, NULL, 0, NULL, 'android', NULL),
(1680, 42, NULL, '2024-05-16 11:02:55', 'page_view', 'user is view home page', NULL, NULL, NULL, 0, NULL, 'android', NULL),
(1681, 42, NULL, '2024-05-16 11:08:15', 'page_view', 'user is view home page', NULL, NULL, NULL, 0, NULL, 'android', NULL),
(1682, 42, NULL, '2024-05-16 11:35:08', 'page_view', 'user is view home page', NULL, NULL, NULL, 0, NULL, 'android', NULL),
(1683, 42, NULL, '2024-05-16 11:36:58', 'page_view', 'user is view home page', NULL, NULL, NULL, 0, NULL, 'android', NULL),
(1684, 42, NULL, '2024-05-16 11:37:57', 'page_view', 'user is view home page', NULL, NULL, NULL, 0, NULL, 'android', NULL),
(1685, 42, NULL, '2024-05-16 11:38:43', 'page_view', 'user is view home page', NULL, NULL, NULL, 0, NULL, 'android', NULL),
(1686, 42, NULL, '2024-05-16 12:00:14', 'page_view', 'user is view home page', NULL, NULL, NULL, 0, NULL, 'android', NULL),
(1687, 42, NULL, '2024-05-16 12:00:27', 'page_view', 'user is view home page', NULL, NULL, NULL, 0, NULL, 'android', NULL),
(1688, 42, NULL, '2024-05-16 12:22:32', 'page_view', 'user is view home page', NULL, NULL, NULL, 0, NULL, 'android', NULL),
(1689, 42, NULL, '2024-05-16 12:23:36', 'page_view', 'user is view home page', NULL, NULL, NULL, 0, NULL, 'android', NULL),
(1690, 42, NULL, '2024-05-16 12:23:49', 'page_view', 'user is view home page', NULL, NULL, NULL, 0, NULL, 'android', NULL),
(1691, 42, NULL, '2024-05-16 12:25:05', 'page_view', 'user is view home page', NULL, NULL, NULL, 0, NULL, 'android', NULL),
(1692, 42, NULL, '2024-05-16 12:25:20', 'page_view', 'user is view home page', NULL, NULL, NULL, 0, NULL, 'android', NULL),
(1693, 42, NULL, '2024-05-16 12:52:34', 'page_view', 'user is view home page', NULL, NULL, NULL, 0, NULL, 'android', NULL),
(1694, 58, NULL, '2024-05-16 13:03:33', 'page_view', 'user is view home page', NULL, NULL, NULL, 0, NULL, 'android', NULL),
(1695, 58, NULL, '2024-05-16 13:03:59', 'page_view', 'user is view home page', NULL, NULL, NULL, 0, NULL, 'android', NULL),
(1696, 42, NULL, '2024-05-16 13:24:04', 'page_view', 'user is view home page', NULL, NULL, NULL, 0, NULL, 'android', NULL),
(1697, 42, NULL, '2024-05-16 13:35:27', 'page_view', 'user is view home page', NULL, NULL, NULL, 0, NULL, 'android', NULL),
(1698, 42, NULL, '2024-05-16 13:36:16', 'page_view', 'user is view home page', NULL, NULL, NULL, 0, NULL, 'android', NULL),
(1699, 42, NULL, '2024-05-16 14:02:59', 'page_view', 'user is view home page', NULL, NULL, NULL, 0, NULL, 'android', NULL),
(1700, 58, NULL, '2024-05-16 14:17:18', 'page_view', 'user is view home page', NULL, NULL, NULL, 0, NULL, 'android', NULL),
(1701, 42, NULL, '2024-05-16 14:55:01', 'page_view', 'user is view home page', NULL, NULL, NULL, 0, NULL, 'android', NULL),
(1702, 58, NULL, '2024-05-17 00:12:41', 'page_view', 'user is view home page', NULL, NULL, NULL, 0, NULL, 'android', NULL),
(1703, 42, NULL, '2024-05-17 02:56:18', 'page_view', 'user is view home page', NULL, NULL, NULL, 0, NULL, 'android', NULL),
(1704, 42, NULL, '2024-05-17 04:40:32', 'page_view', 'user is view home page', NULL, NULL, NULL, 0, NULL, 'android', NULL),
(1705, 42, NULL, '2024-05-17 05:17:19', 'page_view', 'user is view home page', NULL, NULL, NULL, 0, NULL, 'android', NULL),
(1706, 42, NULL, '2024-05-17 05:40:53', 'page_view', 'user is view home page', NULL, NULL, NULL, 0, NULL, 'android', NULL),
(1707, 42, NULL, '2024-05-17 05:59:44', 'page_view', 'user is view home page', NULL, NULL, NULL, 0, NULL, 'android', NULL),
(1708, 42, NULL, '2024-05-17 06:05:52', 'page_view', 'user is view home page', NULL, NULL, NULL, 0, NULL, 'android', NULL),
(1709, 42, NULL, '2024-05-17 06:08:36', 'page_view', 'user is view home page', NULL, NULL, NULL, 0, NULL, 'android', NULL),
(1710, 57, NULL, '2024-05-17 06:10:57', 'page_view', 'user is view home page', NULL, NULL, NULL, 0, NULL, 'android', NULL),
(1711, 58, NULL, '2024-05-17 06:11:52', 'page_view', 'user is view home page', NULL, NULL, NULL, 0, NULL, 'android', NULL),
(1712, 42, NULL, '2024-05-17 06:12:02', 'page_view', 'user is view home page', NULL, NULL, NULL, 0, NULL, 'android', NULL),
(1713, 42, NULL, '2024-05-17 06:19:10', 'page_view', 'user is view home page', NULL, NULL, NULL, 0, NULL, 'android', NULL),
(1714, 62, NULL, '2024-05-17 06:55:54', 'page_view', 'user is view home page', NULL, NULL, NULL, 0, NULL, 'android', NULL),
(1715, 42, NULL, '2024-05-17 07:30:09', 'page_view', 'user is view home page', NULL, NULL, NULL, 0, NULL, 'android', NULL),
(1716, 57, NULL, '2024-05-17 10:07:45', 'page_view', 'user is view home page', NULL, NULL, NULL, 0, NULL, 'android', NULL),
(1717, 58, NULL, '2024-05-17 12:22:41', 'page_view', 'user is view home page', NULL, NULL, NULL, 0, NULL, 'android', NULL),
(1718, 58, NULL, '2024-05-17 12:23:41', 'page_view', 'user is view home page', NULL, NULL, NULL, 0, NULL, 'android', NULL),
(1719, 58, NULL, '2024-05-17 12:24:21', 'page_view', 'user is view home page', NULL, NULL, NULL, 0, NULL, 'android', NULL),
(1720, 58, NULL, '2024-05-17 12:26:21', 'page_view', 'user is view home page', NULL, NULL, NULL, 0, NULL, 'android', NULL),
(1721, 58, NULL, '2024-05-17 12:27:52', 'page_view', 'user is view home page', NULL, NULL, NULL, 0, NULL, 'android', NULL),
(1722, 58, NULL, '2024-05-17 12:28:42', 'page_view', 'user is view home page', NULL, NULL, NULL, 0, NULL, 'android', NULL),
(1723, 58, NULL, '2024-05-17 12:29:43', 'page_view', 'user is view home page', NULL, NULL, NULL, 0, NULL, 'android', NULL),
(1724, 58, NULL, '2024-05-17 12:30:58', 'page_view', 'user is view home page', NULL, NULL, NULL, 0, NULL, 'android', NULL),
(1725, 58, NULL, '2024-05-17 12:33:25', 'page_view', 'user is view home page', NULL, NULL, NULL, 0, NULL, 'android', NULL),
(1726, 58, NULL, '2024-05-17 12:37:51', 'page_view', 'user is view home page', NULL, NULL, NULL, 0, NULL, 'android', NULL),
(1727, 58, NULL, '2024-05-17 12:38:57', 'page_view', 'user is view home page', NULL, NULL, NULL, 0, NULL, 'android', NULL),
(1728, 58, NULL, '2024-05-17 12:40:28', 'page_view', 'user is view home page', NULL, NULL, NULL, 0, NULL, 'android', NULL),
(1729, 42, NULL, '2024-05-17 12:43:10', 'page_view', 'user is view home page', NULL, NULL, NULL, 0, NULL, 'android', NULL),
(1730, 58, NULL, '2024-05-17 12:45:00', 'page_view', 'user is view home page', NULL, NULL, NULL, 0, NULL, 'android', NULL),
(1731, 58, NULL, '2024-05-17 12:46:27', 'page_view', 'user is view home page', NULL, NULL, NULL, 0, NULL, 'android', NULL),
(1732, 58, NULL, '2024-05-17 12:48:52', 'page_view', 'user is view home page', NULL, NULL, NULL, 0, NULL, 'android', NULL),
(1733, 58, NULL, '2024-05-17 12:51:48', 'page_view', 'user is view home page', NULL, NULL, NULL, 0, NULL, 'android', NULL),
(1734, 58, NULL, '2024-05-17 12:55:03', 'page_view', 'user is view home page', NULL, NULL, NULL, 0, NULL, 'android', NULL),
(1735, 58, NULL, '2024-05-17 13:00:48', 'page_view', 'user is view home page', NULL, NULL, NULL, 0, NULL, 'android', NULL),
(1736, 58, NULL, '2024-05-17 13:02:47', 'page_view', 'user is view home page', NULL, NULL, NULL, 0, NULL, 'android', NULL),
(1737, 58, NULL, '2024-05-17 13:03:53', 'page_view', 'user is view home page', NULL, NULL, NULL, 0, NULL, 'android', NULL),
(1738, 58, NULL, '2024-05-17 13:18:19', 'page_view', 'user is view home page', NULL, NULL, NULL, 0, NULL, 'android', NULL),
(1739, 58, NULL, '2024-05-17 13:21:35', 'page_view', 'user is view home page', NULL, NULL, NULL, 0, NULL, 'android', NULL),
(1740, 58, NULL, '2024-05-17 13:22:52', 'page_view', 'user is view home page', NULL, NULL, NULL, 0, NULL, 'android', NULL),
(1741, 58, NULL, '2024-05-17 13:24:17', 'page_view', 'user is view home page', NULL, NULL, NULL, 0, NULL, 'android', NULL),
(1742, 58, NULL, '2024-05-17 13:27:02', 'page_view', 'user is view home page', NULL, NULL, NULL, 0, NULL, 'android', NULL),
(1743, 58, NULL, '2024-05-17 13:29:13', 'page_view', 'user is view home page', NULL, NULL, NULL, 0, NULL, 'android', NULL),
(1744, 58, NULL, '2024-05-17 13:38:23', 'page_view', 'user is view home page', NULL, NULL, NULL, 0, NULL, 'android', NULL),
(1745, 58, NULL, '2024-05-17 13:39:10', 'page_view', 'user is view home page', NULL, NULL, NULL, 0, NULL, 'android', NULL),
(1746, 58, NULL, '2024-05-17 13:44:27', 'page_view', 'user is view home page', NULL, NULL, NULL, 0, NULL, 'android', NULL),
(1747, 58, NULL, '2024-05-17 13:51:31', 'page_view', 'user is view home page', NULL, NULL, NULL, 0, NULL, 'android', NULL),
(1748, 58, NULL, '2024-05-17 13:54:46', 'page_view', 'user is view home page', NULL, NULL, NULL, 0, NULL, 'android', NULL),
(1749, 58, NULL, '2024-05-17 13:57:12', 'page_view', 'user is view home page', NULL, NULL, NULL, 0, NULL, 'android', NULL),
(1750, 58, NULL, '2024-05-17 14:08:35', 'page_view', 'user is view home page', NULL, NULL, NULL, 0, NULL, 'android', NULL),
(1751, 58, NULL, '2024-05-17 14:11:18', 'page_view', 'user is view home page', NULL, NULL, NULL, 0, NULL, 'android', NULL),
(1752, 58, NULL, '2024-05-17 14:15:30', 'page_view', 'user is view home page', NULL, NULL, NULL, 0, NULL, 'android', NULL),
(1753, 58, NULL, '2024-05-17 14:20:08', 'page_view', 'user is view home page', NULL, NULL, NULL, 0, NULL, 'android', NULL),
(1754, 58, NULL, '2024-05-17 14:21:18', 'page_view', 'user is view home page', NULL, NULL, NULL, 0, NULL, 'android', NULL),
(1755, 58, NULL, '2024-05-17 14:32:05', 'page_view', 'user is view home page', NULL, NULL, NULL, 0, NULL, 'android', NULL),
(1756, 58, NULL, '2024-05-17 14:33:58', 'page_view', 'user is view home page', NULL, NULL, NULL, 0, NULL, 'android', NULL),
(1757, 58, NULL, '2024-05-17 14:54:08', 'page_view', 'user is view home page', NULL, NULL, NULL, 0, NULL, 'android', NULL),
(1758, 58, NULL, '2024-05-17 15:13:48', 'page_view', 'user is view home page', NULL, NULL, NULL, 0, NULL, 'android', NULL),
(1759, 58, NULL, '2024-05-17 15:14:52', 'page_view', 'user is view home page', NULL, NULL, NULL, 0, NULL, 'android', NULL),
(1760, 42, NULL, '2024-05-17 16:09:18', 'page_view', 'user is view home page', NULL, NULL, NULL, 0, NULL, 'android', NULL),
(1761, 58, NULL, '2024-05-17 16:39:47', 'page_view', 'user is view home page', NULL, NULL, NULL, 0, NULL, 'android', NULL),
(1762, 58, NULL, '2024-05-17 16:40:57', 'page_view', 'user is view home page', NULL, NULL, NULL, 0, NULL, 'android', NULL),
(1763, 58, NULL, '2024-05-17 16:42:29', 'page_view', 'user is view home page', NULL, NULL, NULL, 0, NULL, 'android', NULL),
(1764, 58, NULL, '2024-05-17 16:43:54', 'page_view', 'user is view home page', NULL, NULL, NULL, 0, NULL, 'android', NULL),
(1765, 58, NULL, '2024-05-17 16:44:47', 'page_view', 'user is view home page', NULL, NULL, NULL, 0, NULL, 'android', NULL),
(1766, 58, NULL, '2024-05-17 16:46:38', 'page_view', 'user is view home page', NULL, NULL, NULL, 0, NULL, 'android', NULL),
(1767, 58, NULL, '2024-05-17 16:47:40', 'page_view', 'user is view home page', NULL, NULL, NULL, 0, NULL, 'android', NULL),
(1768, 58, NULL, '2024-05-17 16:48:28', 'page_view', 'user is view home page', NULL, NULL, NULL, 0, NULL, 'android', NULL),
(1769, 58, NULL, '2024-05-17 16:50:01', 'page_view', 'user is view home page', NULL, NULL, NULL, 0, NULL, 'android', NULL),
(1770, 58, NULL, '2024-05-17 16:52:04', 'page_view', 'user is view home page', NULL, NULL, NULL, 0, NULL, 'android', NULL),
(1771, 58, NULL, '2024-05-17 16:59:26', 'page_view', 'user is view home page', NULL, NULL, NULL, 0, NULL, 'android', NULL),
(1772, 58, NULL, '2024-05-17 17:02:05', 'page_view', 'user is view home page', NULL, NULL, NULL, 0, NULL, 'android', NULL),
(1773, 58, NULL, '2024-05-17 17:03:31', 'page_view', 'user is view home page', NULL, NULL, NULL, 0, NULL, 'android', NULL),
(1774, 58, NULL, '2024-05-17 17:21:56', 'page_view', 'user is view home page', NULL, NULL, NULL, 0, NULL, 'android', NULL),
(1775, 58, NULL, '2024-05-17 17:29:27', 'page_view', 'user is view home page', NULL, NULL, NULL, 0, NULL, 'android', NULL),
(1776, 58, NULL, '2024-05-17 17:55:12', 'page_view', 'user is view home page', NULL, NULL, NULL, 0, NULL, 'android', NULL),
(1777, 58, NULL, '2024-05-17 17:58:11', 'page_view', 'user is view home page', NULL, NULL, NULL, 0, NULL, 'android', NULL),
(1778, 58, NULL, '2024-05-17 17:58:56', 'page_view', 'user is view home page', NULL, NULL, NULL, 0, NULL, 'android', NULL),
(1779, 58, NULL, '2024-05-17 18:00:47', 'page_view', 'user is view home page', NULL, NULL, NULL, 0, NULL, 'android', NULL),
(1780, 58, NULL, '2024-05-17 18:03:15', 'page_view', 'user is view home page', NULL, NULL, NULL, 0, NULL, 'android', NULL),
(1781, 58, NULL, '2024-05-17 18:04:30', 'page_view', 'user is view home page', NULL, NULL, NULL, 0, NULL, 'android', NULL),
(1782, 58, NULL, '2024-05-17 18:05:08', 'page_view', 'user is view home page', NULL, NULL, NULL, 0, NULL, 'android', NULL),
(1783, 58, NULL, '2024-05-17 18:05:59', 'page_view', 'user is view home page', NULL, NULL, NULL, 0, NULL, 'android', NULL),
(1784, 58, NULL, '2024-05-17 18:09:23', 'page_view', 'user is view home page', NULL, NULL, NULL, 0, NULL, 'android', NULL),
(1785, 58, NULL, '2024-05-17 18:19:54', 'page_view', 'user is view home page', NULL, NULL, NULL, 0, NULL, 'android', NULL),
(1786, 58, NULL, '2024-05-17 18:23:47', 'page_view', 'user is view home page', NULL, NULL, NULL, 0, NULL, 'android', NULL),
(1787, 58, NULL, '2024-05-17 18:26:12', 'page_view', 'user is view home page', NULL, NULL, NULL, 0, NULL, 'android', NULL),
(1788, 58, NULL, '2024-05-17 18:28:46', 'page_view', 'user is view home page', NULL, NULL, NULL, 0, NULL, 'android', NULL),
(1789, 58, NULL, '2024-05-17 18:32:36', 'page_view', 'user is view home page', NULL, NULL, NULL, 0, NULL, 'android', NULL),
(1790, 58, NULL, '2024-05-17 18:33:51', 'page_view', 'user is view home page', NULL, NULL, NULL, 0, NULL, 'android', NULL),
(1791, 58, NULL, '2024-05-17 18:53:55', 'page_view', 'user is view home page', NULL, NULL, NULL, 0, NULL, 'android', NULL),
(1792, 58, NULL, '2024-05-17 18:56:41', 'page_view', 'user is view home page', NULL, NULL, NULL, 0, NULL, 'android', NULL),
(1793, 58, NULL, '2024-05-17 19:01:26', 'page_view', 'user is view home page', NULL, NULL, NULL, 0, NULL, 'android', NULL),
(1794, 58, NULL, '2024-05-17 19:03:41', 'page_view', 'user is view home page', NULL, NULL, NULL, 0, NULL, 'android', NULL),
(1795, 58, NULL, '2024-05-17 19:05:08', 'page_view', 'user is view home page', NULL, NULL, NULL, 0, NULL, 'android', NULL),
(1796, 58, NULL, '2024-05-17 19:05:54', 'page_view', 'user is view home page', NULL, NULL, NULL, 0, NULL, 'android', NULL),
(1797, 58, NULL, '2024-05-17 19:06:25', 'page_view', 'user is view home page', NULL, NULL, NULL, 0, NULL, 'android', NULL),
(1798, 58, NULL, '2024-05-17 19:09:14', 'page_view', 'user is view home page', NULL, NULL, NULL, 0, NULL, 'android', NULL),
(1799, 58, NULL, '2024-05-17 19:09:50', 'page_view', 'user is view home page', NULL, NULL, NULL, 0, NULL, 'android', NULL),
(1800, 58, NULL, '2024-05-17 19:10:53', 'page_view', 'user is view home page', NULL, NULL, NULL, 0, NULL, 'android', NULL),
(1801, 58, NULL, '2024-05-17 19:12:58', 'page_view', 'user is view home page', NULL, NULL, NULL, 0, NULL, 'android', NULL),
(1802, 58, NULL, '2024-05-17 19:13:42', 'page_view', 'user is view home page', NULL, NULL, NULL, 0, NULL, 'android', NULL),
(1803, 58, NULL, '2024-05-17 19:15:50', 'page_view', 'user is view home page', NULL, NULL, NULL, 0, NULL, 'android', NULL),
(1804, 58, NULL, '2024-05-17 19:16:36', 'page_view', 'user is view home page', NULL, NULL, NULL, 0, NULL, 'android', NULL),
(1805, 58, NULL, '2024-05-17 19:17:45', 'page_view', 'user is view home page', NULL, NULL, NULL, 0, NULL, 'android', NULL),
(1806, 58, NULL, '2024-05-17 19:18:28', 'page_view', 'user is view home page', NULL, NULL, NULL, 0, NULL, 'android', NULL),
(1807, 58, NULL, '2024-05-17 19:26:01', 'page_view', 'user is view home page', NULL, NULL, NULL, 0, NULL, 'android', NULL),
(1808, 58, NULL, '2024-05-17 19:27:02', 'page_view', 'user is view home page', NULL, NULL, NULL, 0, NULL, 'android', NULL),
(1809, 58, NULL, '2024-05-17 19:28:51', 'page_view', 'user is view home page', NULL, NULL, NULL, 0, NULL, 'android', NULL),
(1810, 58, NULL, '2024-05-17 19:29:49', 'page_view', 'user is view home page', NULL, NULL, NULL, 0, NULL, 'android', NULL),
(1811, 58, NULL, '2024-05-17 19:30:20', 'page_view', 'user is view home page', NULL, NULL, NULL, 0, NULL, 'android', NULL),
(1812, 58, NULL, '2024-05-17 19:32:08', 'page_view', 'user is view home page', NULL, NULL, NULL, 0, NULL, 'android', NULL),
(1813, 58, NULL, '2024-05-17 19:34:33', 'page_view', 'user is view home page', NULL, NULL, NULL, 0, NULL, 'android', NULL),
(1814, 58, NULL, '2024-05-17 19:39:16', 'page_view', 'user is view home page', NULL, NULL, NULL, 0, NULL, 'android', NULL),
(1815, 58, NULL, '2024-05-17 19:44:06', 'page_view', 'user is view home page', NULL, NULL, NULL, 0, NULL, 'android', NULL),
(1816, 58, NULL, '2024-05-17 19:47:51', 'page_view', 'user is view home page', NULL, NULL, NULL, 0, NULL, 'android', NULL),
(1817, 58, NULL, '2024-05-17 19:52:43', 'page_view', 'user is view home page', NULL, NULL, NULL, 0, NULL, 'android', NULL),
(1818, 58, NULL, '2024-05-17 20:07:06', 'page_view', 'user is view home page', NULL, NULL, NULL, 0, NULL, 'android', NULL),
(1819, 58, NULL, '2024-05-17 20:35:07', 'page_view', 'user is view home page', NULL, NULL, NULL, 0, NULL, 'android', NULL),
(1820, 42, NULL, '2024-05-17 20:38:10', 'page_view', 'user is view home page', NULL, NULL, NULL, 0, NULL, 'android', NULL),
(1821, 42, NULL, '2024-05-17 20:39:17', 'page_view', 'user is view home page', NULL, NULL, NULL, 0, NULL, 'android', NULL),
(1822, 58, NULL, '2024-05-17 20:40:02', 'page_view', 'user is view home page', NULL, NULL, NULL, 0, NULL, 'android', NULL),
(1823, 42, NULL, '2024-05-17 20:40:06', 'page_view', 'user is view home page', NULL, NULL, NULL, 0, NULL, 'android', NULL),
(1824, 58, NULL, '2024-05-17 20:42:37', 'page_view', 'user is view home page', NULL, NULL, NULL, 0, NULL, 'android', NULL),
(1825, 58, NULL, '2024-05-17 20:43:45', 'page_view', 'user is view home page', NULL, NULL, NULL, 0, NULL, 'android', NULL),
(1826, 42, NULL, '2024-05-17 20:44:13', 'page_view', 'user is view home page', NULL, NULL, NULL, 0, NULL, 'android', NULL),
(1827, 58, NULL, '2024-05-17 20:46:18', 'page_view', 'user is view home page', NULL, NULL, NULL, 0, NULL, 'android', NULL),
(1828, 58, NULL, '2024-05-17 20:47:32', 'page_view', 'user is view home page', NULL, NULL, NULL, 0, NULL, 'android', NULL),
(1829, 58, NULL, '2024-05-17 20:53:18', 'page_view', 'user is view home page', NULL, NULL, NULL, 0, NULL, 'android', NULL),
(1830, 58, NULL, '2024-05-17 20:53:35', 'page_view', 'user is view home page', NULL, NULL, NULL, 0, NULL, 'android', NULL),
(1831, 42, NULL, '2024-05-17 20:54:15', 'page_view', 'user is view home page', NULL, NULL, NULL, 0, NULL, 'android', NULL),
(1832, 42, NULL, '2024-05-17 21:34:24', 'page_view', 'user is view home page', NULL, NULL, NULL, 0, NULL, 'android', NULL),
(1833, 42, NULL, '2024-05-17 21:42:30', 'page_view', 'user is view home page', NULL, NULL, NULL, 0, NULL, 'android', NULL),
(1834, 42, NULL, '2024-05-17 21:57:10', 'page_view', 'user is view home page', NULL, NULL, NULL, 0, NULL, 'android', NULL),
(1835, 42, NULL, '2024-05-17 21:58:29', 'page_view', 'user is view home page', NULL, NULL, NULL, 0, NULL, 'android', NULL),
(1836, 58, NULL, '2024-05-17 22:08:31', 'page_view', 'user is view home page', NULL, NULL, NULL, 0, NULL, 'android', NULL),
(1837, 42, NULL, '2024-05-17 22:09:06', 'page_view', 'user is view home page', NULL, NULL, NULL, 0, NULL, 'android', NULL),
(1838, 58, NULL, '2024-05-17 22:14:09', 'page_view', 'user is view home page', NULL, NULL, NULL, 0, NULL, 'android', NULL),
(1839, 58, NULL, '2024-05-17 22:15:10', 'page_view', 'user is view home page', NULL, NULL, NULL, 0, NULL, 'android', NULL),
(1840, 42, NULL, '2024-05-17 22:17:15', 'page_view', 'user is view home page', NULL, NULL, NULL, 0, NULL, 'android', NULL),
(1841, 58, NULL, '2024-05-17 22:19:27', 'page_view', 'user is view home page', NULL, NULL, NULL, 0, NULL, 'android', NULL),
(1842, 42, NULL, '2024-05-17 22:26:14', 'page_view', 'user is view home page', NULL, NULL, NULL, 0, NULL, 'android', NULL),
(1843, 58, NULL, '2024-05-17 22:27:05', 'page_view', 'user is view home page', NULL, NULL, NULL, 0, NULL, 'android', NULL),
(1844, 58, NULL, '2024-05-17 23:08:01', 'page_view', 'user is view home page', NULL, NULL, NULL, 0, NULL, 'android', NULL),
(1845, 42, NULL, '2024-05-17 23:09:49', 'page_view', 'user is view home page', NULL, NULL, NULL, 0, NULL, 'android', NULL),
(1846, 58, NULL, '2024-05-17 23:11:49', 'page_view', 'user is view home page', NULL, NULL, NULL, 0, NULL, 'android', NULL),
(1847, 57, NULL, '2024-05-18 00:23:16', 'page_view', 'user is view home page', NULL, NULL, NULL, 0, NULL, 'android', NULL),
(1848, 42, NULL, '2024-05-18 04:25:45', 'page_view', 'user is view home page', NULL, NULL, NULL, 0, NULL, 'android', NULL),
(1849, 58, NULL, '2024-05-18 04:26:31', 'page_view', 'user is view home page', NULL, NULL, NULL, 0, NULL, 'android', NULL),
(1850, 58, NULL, '2024-05-18 10:33:27', 'page_view', 'user is view home page', NULL, NULL, NULL, 0, NULL, 'android', NULL),
(1851, 58, NULL, '2024-05-18 10:35:20', 'page_view', 'user is view home page', NULL, NULL, NULL, 0, NULL, 'android', NULL),
(1852, 42, NULL, '2024-05-18 10:37:38', 'page_view', 'user is view home page', NULL, NULL, NULL, 0, NULL, 'android', NULL),
(1853, 58, NULL, '2024-05-18 10:39:07', 'page_view', 'user is view home page', NULL, NULL, NULL, 0, NULL, 'android', NULL),
(1854, 58, NULL, '2024-05-18 10:59:20', 'page_view', 'user is view home page', NULL, NULL, NULL, 0, NULL, 'android', NULL),
(1855, 42, NULL, '2024-05-18 10:59:32', 'page_view', 'user is view home page', NULL, NULL, NULL, 0, NULL, 'android', NULL),
(1856, 42, NULL, '2024-05-18 11:29:05', 'page_view', 'user is view home page', NULL, NULL, NULL, 0, NULL, 'android', NULL),
(1857, 58, NULL, '2024-05-18 11:30:09', 'page_view', 'user is view home page', NULL, NULL, NULL, 0, NULL, 'android', NULL),
(1858, 58, NULL, '2024-05-18 11:37:17', 'page_view', 'user is view home page', NULL, NULL, NULL, 0, NULL, 'android', NULL),
(1859, 58, NULL, '2024-05-18 11:44:07', 'page_view', 'user is view home page', NULL, NULL, NULL, 0, NULL, 'android', NULL),
(1860, 58, NULL, '2024-05-18 11:49:20', 'page_view', 'user is view home page', NULL, NULL, NULL, 0, NULL, 'android', NULL),
(1861, 58, NULL, '2024-05-18 11:54:30', 'page_view', 'user is view home page', NULL, NULL, NULL, 0, NULL, 'android', NULL),
(1862, 58, NULL, '2024-05-18 11:55:57', 'page_view', 'user is view home page', NULL, NULL, NULL, 0, NULL, 'android', NULL),
(1863, 57, NULL, '2024-05-18 12:08:02', 'page_view', 'user is view home page', NULL, NULL, NULL, 0, NULL, 'android', NULL),
(1864, 42, NULL, '2024-05-18 12:08:08', 'page_view', 'user is view home page', NULL, NULL, NULL, 0, NULL, 'android', NULL),
(1865, 58, NULL, '2024-05-18 12:09:17', 'page_view', 'user is view home page', NULL, NULL, NULL, 0, NULL, 'android', NULL),
(1866, 42, NULL, '2024-05-18 12:29:05', 'page_view', 'user is view home page', NULL, NULL, NULL, 0, NULL, 'android', NULL),
(1867, 58, NULL, '2024-05-18 12:37:39', 'page_view', 'user is view home page', NULL, NULL, NULL, 0, NULL, 'android', NULL),
(1868, 58, NULL, '2024-05-18 12:52:37', 'page_view', 'user is view home page', NULL, NULL, NULL, 0, NULL, 'android', NULL),
(1869, 58, NULL, '2024-05-18 13:12:11', 'page_view', 'user is view home page', NULL, NULL, NULL, 0, NULL, 'android', NULL),
(1870, 42, NULL, '2024-05-18 13:12:14', 'page_view', 'user is view home page', NULL, NULL, NULL, 0, NULL, 'android', NULL),
(1871, 58, NULL, '2024-05-18 13:14:13', 'page_view', 'user is view home page', NULL, NULL, NULL, 0, NULL, 'android', NULL),
(1872, 58, NULL, '2024-05-18 13:18:55', 'page_view', 'user is view home page', NULL, NULL, NULL, 0, NULL, 'android', NULL),
(1873, 58, NULL, '2024-05-18 13:22:49', 'page_view', 'user is view home page', NULL, NULL, NULL, 0, NULL, 'android', NULL),
(1874, 58, NULL, '2024-05-18 13:24:55', 'page_view', 'user is view home page', NULL, NULL, NULL, 0, NULL, 'android', NULL),
(1875, 58, NULL, '2024-05-18 13:29:58', 'page_view', 'user is view home page', NULL, NULL, NULL, 0, NULL, 'android', NULL),
(1876, 42, NULL, '2024-05-18 13:32:04', 'page_view', 'user is view home page', NULL, NULL, NULL, 0, NULL, 'android', NULL),
(1877, 42, NULL, '2024-05-18 13:54:55', 'page_view', 'user is view home page', NULL, NULL, NULL, 0, NULL, 'android', NULL),
(1878, 58, NULL, '2024-05-18 14:07:44', 'page_view', 'user is view home page', NULL, NULL, NULL, 0, NULL, 'android', NULL),
(1879, 58, NULL, '2024-05-18 14:08:16', 'page_view', 'user is view home page', NULL, NULL, NULL, 0, NULL, 'android', NULL),
(1880, 58, NULL, '2024-05-18 14:10:45', 'page_view', 'user is view home page', NULL, NULL, NULL, 0, NULL, 'android', NULL),
(1881, 42, NULL, '2024-05-18 14:18:08', 'page_view', 'user is view home page', NULL, NULL, NULL, 0, NULL, 'android', NULL),
(1882, 42, NULL, '2024-05-18 14:19:11', 'page_view', 'user is view home page', NULL, NULL, NULL, 0, NULL, 'android', NULL),
(1883, 42, NULL, '2024-05-18 14:19:29', 'page_view', 'user is view home page', NULL, NULL, NULL, 0, NULL, 'android', NULL);
INSERT INTO `user_action_history` (`action_id`, `user_id`, `device_id`, `action_time`, `action_type`, `action_details`, `ip_address`, `location_info`, `action_duration`, `status_code`, `error_message`, `access_type`, `additional_data`) VALUES
(1884, 58, NULL, '2024-05-18 14:20:23', 'page_view', 'user is view home page', NULL, NULL, NULL, 0, NULL, 'android', NULL),
(1885, 58, NULL, '2024-05-18 14:21:03', 'page_view', 'user is view home page', NULL, NULL, NULL, 0, NULL, 'android', NULL),
(1886, 58, NULL, '2024-05-18 14:22:27', 'page_view', 'user is view home page', NULL, NULL, NULL, 0, NULL, 'android', NULL),
(1887, 58, NULL, '2024-05-18 14:23:27', 'page_view', 'user is view home page', NULL, NULL, NULL, 0, NULL, 'android', NULL),
(1888, 42, NULL, '2024-05-18 14:23:27', 'page_view', 'user is view home page', NULL, NULL, NULL, 0, NULL, 'android', NULL),
(1889, 58, NULL, '2024-05-18 14:23:40', 'page_view', 'user is view home page', NULL, NULL, NULL, 0, NULL, 'android', NULL),
(1890, 42, NULL, '2024-05-18 14:28:16', 'page_view', 'user is view home page', NULL, NULL, NULL, 0, NULL, 'android', NULL),
(1891, 58, NULL, '2024-05-18 14:29:20', 'page_view', 'user is view home page', NULL, NULL, NULL, 0, NULL, 'android', NULL),
(1892, 42, NULL, '2024-05-18 14:32:16', 'page_view', 'user is view home page', NULL, NULL, NULL, 0, NULL, 'android', NULL),
(1893, 58, NULL, '2024-05-18 14:35:03', 'page_view', 'user is view home page', NULL, NULL, NULL, 0, NULL, 'android', NULL),
(1894, 42, NULL, '2024-05-18 14:36:22', 'page_view', 'user is view home page', NULL, NULL, NULL, 0, NULL, 'android', NULL),
(1895, 58, NULL, '2024-05-18 14:36:35', 'page_view', 'user is view home page', NULL, NULL, NULL, 0, NULL, 'android', NULL),
(1896, 42, NULL, '2024-05-18 14:37:13', 'page_view', 'user is view home page', NULL, NULL, NULL, 0, NULL, 'android', NULL),
(1897, 58, NULL, '2024-05-18 14:37:22', 'page_view', 'user is view home page', NULL, NULL, NULL, 0, NULL, 'android', NULL),
(1898, 58, NULL, '2024-05-18 14:42:43', 'page_view', 'user is view home page', NULL, NULL, NULL, 0, NULL, 'android', NULL),
(1899, 42, NULL, '2024-05-18 14:43:32', 'page_view', 'user is view home page', NULL, NULL, NULL, 0, NULL, 'android', NULL),
(1900, 42, NULL, '2024-05-18 15:08:11', 'page_view', 'user is view home page', NULL, NULL, NULL, 0, NULL, 'android', NULL),
(1901, 58, NULL, '2024-05-18 15:09:18', 'page_view', 'user is view home page', NULL, NULL, NULL, 0, NULL, 'android', NULL),
(1902, 58, NULL, '2024-05-18 15:10:30', 'page_view', 'user is view home page', NULL, NULL, NULL, 0, NULL, 'android', NULL),
(1903, 58, NULL, '2024-05-18 15:22:24', 'page_view', 'user is view home page', NULL, NULL, NULL, 0, NULL, 'android', NULL),
(1904, 58, NULL, '2024-05-18 15:24:23', 'page_view', 'user is view home page', NULL, NULL, NULL, 0, NULL, 'android', NULL),
(1905, 58, NULL, '2024-05-18 15:35:15', 'page_view', 'user is view home page', NULL, NULL, NULL, 0, NULL, 'android', NULL),
(1906, 58, NULL, '2024-05-18 15:36:28', 'page_view', 'user is view home page', NULL, NULL, NULL, 0, NULL, 'android', NULL),
(1907, 58, NULL, '2024-05-18 15:36:34', 'page_view', 'user is view home page', NULL, NULL, NULL, 0, NULL, 'android', NULL),
(1908, 58, NULL, '2024-05-18 15:37:34', 'page_view', 'user is view home page', NULL, NULL, NULL, 0, NULL, 'android', NULL),
(1909, 58, NULL, '2024-05-18 15:38:05', 'page_view', 'user is view home page', NULL, NULL, NULL, 0, NULL, 'android', NULL),
(1910, 58, NULL, '2024-05-18 15:38:18', 'page_view', 'user is view home page', NULL, NULL, NULL, 0, NULL, 'android', NULL),
(1911, 58, NULL, '2024-05-18 16:08:56', 'page_view', 'user is view home page', NULL, NULL, NULL, 0, NULL, 'android', NULL),
(1912, 58, NULL, '2024-05-18 16:12:06', 'page_view', 'user is view home page', NULL, NULL, NULL, 0, NULL, 'android', NULL),
(1913, 42, NULL, '2024-05-18 16:18:31', 'page_view', 'user is view home page', NULL, NULL, NULL, 0, NULL, 'android', NULL),
(1914, 58, NULL, '2024-05-18 16:20:23', 'page_view', 'user is view home page', NULL, NULL, NULL, 0, NULL, 'android', NULL),
(1915, 58, NULL, '2024-05-18 16:23:18', 'page_view', 'user is view home page', NULL, NULL, NULL, 0, NULL, 'android', NULL),
(1916, 42, NULL, '2024-05-18 16:32:53', 'page_view', 'user is view home page', NULL, NULL, NULL, 0, NULL, 'android', NULL),
(1917, 42, NULL, '2024-05-18 16:43:28', 'page_view', 'user is view home page', NULL, NULL, NULL, 0, NULL, 'android', NULL),
(1918, 58, NULL, '2024-05-18 16:45:00', 'page_view', 'user is view home page', NULL, NULL, NULL, 0, NULL, 'android', NULL),
(1919, 42, NULL, '2024-05-18 16:46:14', 'page_view', 'user is view home page', NULL, NULL, NULL, 0, NULL, 'android', NULL),
(1920, 58, NULL, '2024-05-18 16:47:10', 'page_view', 'user is view home page', NULL, NULL, NULL, 0, NULL, 'android', NULL),
(1921, 58, NULL, '2024-05-18 16:47:20', 'page_view', 'user is view home page', NULL, NULL, NULL, 0, NULL, 'android', NULL),
(1922, 58, NULL, '2024-05-18 16:47:52', 'page_view', 'user is view home page', NULL, NULL, NULL, 0, NULL, 'android', NULL),
(1923, 42, NULL, '2024-05-18 17:13:22', 'page_view', 'user is view home page', NULL, NULL, NULL, 0, NULL, 'android', NULL),
(1924, 58, NULL, '2024-05-18 23:18:16', 'page_view', 'user is view home page', NULL, NULL, NULL, 0, NULL, 'android', NULL),
(1925, 57, NULL, '2024-05-19 03:34:47', 'page_view', 'user is view home page', NULL, NULL, NULL, 0, NULL, 'android', NULL),
(1926, 42, NULL, '2024-05-19 03:47:55', 'page_view', 'user is view home page', NULL, NULL, NULL, 0, NULL, 'android', NULL),
(1927, 68, NULL, '2024-05-19 05:36:26', 'page_view', 'user is view home page', NULL, NULL, NULL, 0, NULL, 'android', NULL),
(1928, 68, NULL, '2024-05-19 05:39:24', 'page_view', 'user is view home page', NULL, NULL, NULL, 0, NULL, 'android', NULL),
(1929, 68, NULL, '2024-05-19 05:47:52', 'page_view', 'user is view home page', NULL, NULL, NULL, 0, NULL, 'android', NULL),
(1930, 58, NULL, '2024-05-19 05:50:53', 'page_view', 'user is view home page', NULL, NULL, NULL, 0, NULL, 'android', NULL),
(1931, 42, NULL, '2024-05-19 05:54:18', 'page_view', 'user is view home page', NULL, NULL, NULL, 0, NULL, 'android', NULL),
(1932, 42, NULL, '2024-05-19 05:54:36', 'page_view', 'user is view home page', NULL, NULL, NULL, 0, NULL, 'android', NULL),
(1933, 58, NULL, '2024-05-19 05:54:54', 'page_view', 'user is view home page', NULL, NULL, NULL, 0, NULL, 'android', NULL),
(1934, 58, NULL, '2024-05-19 06:25:26', 'page_view', 'user is view home page', NULL, NULL, NULL, 0, NULL, 'android', NULL),
(1935, 58, NULL, '2024-05-19 07:02:53', 'page_view', 'user is view home page', NULL, NULL, NULL, 0, NULL, 'android', NULL),
(1936, 58, NULL, '2024-05-19 07:02:57', 'page_view', 'user is view home page', NULL, NULL, NULL, 0, NULL, 'android', NULL),
(1937, 69, NULL, '2024-05-19 14:35:19', 'page_view', 'user is view home page', NULL, NULL, NULL, 0, NULL, 'android', NULL),
(1938, 69, NULL, '2024-05-19 14:36:20', 'page_view', 'user is view home page', NULL, NULL, NULL, 0, NULL, 'android', NULL),
(1939, 69, NULL, '2024-05-19 14:38:11', 'page_view', 'user is view home page', NULL, NULL, NULL, 0, NULL, 'android', NULL),
(1940, 57, NULL, '2024-05-19 14:38:29', 'page_view', 'user is view home page', NULL, NULL, NULL, 0, NULL, 'android', NULL),
(1941, 57, NULL, '2024-05-19 14:39:47', 'page_view', 'user is view home page', NULL, NULL, NULL, 0, NULL, 'android', NULL),
(1942, 58, NULL, '2024-05-19 17:31:31', 'page_view', 'user is view home page', NULL, NULL, NULL, 0, NULL, 'android', NULL),
(1943, 57, NULL, '2024-05-19 17:32:11', 'page_view', 'user is view home page', NULL, NULL, NULL, 0, NULL, 'android', NULL),
(1944, 69, NULL, '2024-05-19 17:33:35', 'page_view', 'user is view home page', NULL, NULL, NULL, 0, NULL, 'android', NULL),
(1945, 58, NULL, '2024-05-19 17:41:57', 'page_view', 'user is view home page', NULL, NULL, NULL, 0, NULL, 'android', NULL),
(1946, 57, NULL, '2024-05-19 17:42:02', 'page_view', 'user is view home page', NULL, NULL, NULL, 0, NULL, 'android', NULL),
(1947, 42, NULL, '2024-05-19 19:11:33', 'page_view', 'user is view home page', NULL, NULL, NULL, 0, NULL, 'android', NULL),
(1948, 42, NULL, '2024-05-19 19:51:55', 'page_view', 'user is view home page', NULL, NULL, NULL, 0, NULL, 'android', NULL),
(1949, 42, NULL, '2024-05-19 20:33:15', 'page_view', 'user is view home page', NULL, NULL, NULL, 0, NULL, 'android', NULL),
(1950, 42, NULL, '2024-05-19 23:36:41', 'page_view', 'user is view home page', NULL, NULL, NULL, 0, NULL, 'android', NULL),
(1951, 58, NULL, '2024-05-20 00:45:47', 'page_view', 'user is view home page', NULL, NULL, NULL, 0, NULL, 'android', NULL),
(1952, 58, NULL, '2024-05-20 02:26:06', 'page_view', 'user is view home page', NULL, NULL, NULL, 0, NULL, 'android', NULL),
(1953, 42, NULL, '2024-05-20 02:26:23', 'page_view', 'user is view home page', NULL, NULL, NULL, 0, NULL, 'android', NULL),
(1954, 42, NULL, '2024-05-20 12:53:43', 'page_view', 'user is view home page', NULL, NULL, NULL, 0, NULL, 'android', NULL),
(1955, 58, NULL, '2024-05-20 12:54:06', 'page_view', 'user is view home page', NULL, NULL, NULL, 0, NULL, 'android', NULL),
(1956, 58, NULL, '2024-05-21 02:04:22', 'page_view', 'user is view home page', NULL, NULL, NULL, 0, NULL, 'android', NULL),
(1957, 58, NULL, '2024-05-21 04:07:39', 'page_view', 'user is view home page', NULL, NULL, NULL, 0, NULL, 'android', NULL),
(1958, 42, NULL, '2024-05-21 05:02:15', 'page_view', 'user is view home page', NULL, NULL, NULL, 0, NULL, 'android', NULL),
(1959, 58, NULL, '2024-05-21 05:02:28', 'page_view', 'user is view home page', NULL, NULL, NULL, 0, NULL, 'android', NULL),
(1960, 58, NULL, '2024-05-21 05:03:25', 'page_view', 'user is view home page', NULL, NULL, NULL, 0, NULL, 'android', NULL),
(1961, 58, NULL, '2024-05-21 05:03:39', 'page_view', 'user is view home page', NULL, NULL, NULL, 0, NULL, 'android', NULL),
(1962, 58, NULL, '2024-05-21 05:18:04', 'page_view', 'user is view home page', NULL, NULL, NULL, 0, NULL, 'android', NULL),
(1963, 42, NULL, '2024-05-21 05:35:19', 'page_view', 'user is view home page', NULL, NULL, NULL, 0, NULL, 'android', NULL),
(1964, 58, NULL, '2024-05-21 05:40:30', 'page_view', 'user is view home page', NULL, NULL, NULL, 0, NULL, 'android', NULL),
(1965, 58, NULL, '2024-05-21 05:42:40', 'page_view', 'user is view home page', NULL, NULL, NULL, 0, NULL, 'android', NULL),
(1966, 58, NULL, '2024-05-21 05:42:49', 'page_view', 'user is view home page', NULL, NULL, NULL, 0, NULL, 'android', NULL),
(1967, 58, NULL, '2024-05-21 05:43:08', 'page_view', 'user is view home page', NULL, NULL, NULL, 0, NULL, 'android', NULL),
(1968, 58, NULL, '2024-05-21 05:43:14', 'page_view', 'user is view home page', NULL, NULL, NULL, 0, NULL, 'android', NULL),
(1969, 58, NULL, '2024-05-21 05:43:38', 'page_view', 'user is view home page', NULL, NULL, NULL, 0, NULL, 'android', NULL),
(1970, 58, NULL, '2024-05-21 05:43:44', 'page_view', 'user is view home page', NULL, NULL, NULL, 0, NULL, 'android', NULL),
(1971, 58, NULL, '2024-05-21 05:44:29', 'page_view', 'user is view home page', NULL, NULL, NULL, 0, NULL, 'android', NULL),
(1972, 58, NULL, '2024-05-21 05:44:41', 'page_view', 'user is view home page', NULL, NULL, NULL, 0, NULL, 'android', NULL),
(1973, 58, NULL, '2024-05-21 05:49:17', 'page_view', 'user is view home page', NULL, NULL, NULL, 0, NULL, 'android', NULL),
(1974, 58, NULL, '2024-05-21 06:04:19', 'page_view', 'user is view home page', NULL, NULL, NULL, 0, NULL, 'android', NULL),
(1975, 58, NULL, '2024-05-21 06:04:48', 'page_view', 'user is view home page', NULL, NULL, NULL, 0, NULL, 'android', NULL),
(1976, 58, NULL, '2024-05-21 06:16:35', 'page_view', 'user is view home page', NULL, NULL, NULL, 0, NULL, 'android', NULL),
(1977, 58, NULL, '2024-05-21 06:19:27', 'page_view', 'user is view home page', NULL, NULL, NULL, 0, NULL, 'android', NULL),
(1978, 58, NULL, '2024-05-21 06:20:01', 'page_view', 'user is view home page', NULL, NULL, NULL, 0, NULL, 'android', NULL),
(1979, 58, NULL, '2024-05-21 06:23:46', 'page_view', 'user is view home page', NULL, NULL, NULL, 0, NULL, 'android', NULL),
(1980, 58, NULL, '2024-05-21 06:25:52', 'page_view', 'user is view home page', NULL, NULL, NULL, 0, NULL, 'android', NULL),
(1981, 58, NULL, '2024-05-21 06:26:25', 'page_view', 'user is view home page', NULL, NULL, NULL, 0, NULL, 'android', NULL),
(1982, 58, NULL, '2024-05-21 06:37:17', 'page_view', 'user is view home page', NULL, NULL, NULL, 0, NULL, 'android', NULL),
(1983, 58, NULL, '2024-05-21 06:44:57', 'page_view', 'user is view home page', NULL, NULL, NULL, 0, NULL, 'android', NULL),
(1984, 58, NULL, '2024-05-21 06:45:30', 'page_view', 'user is view home page', NULL, NULL, NULL, 0, NULL, 'android', NULL),
(1985, 58, NULL, '2024-05-21 06:45:45', 'page_view', 'user is view home page', NULL, NULL, NULL, 0, NULL, 'android', NULL),
(1986, 58, NULL, '2024-05-21 06:45:59', 'page_view', 'user is view home page', NULL, NULL, NULL, 0, NULL, 'android', NULL),
(1987, 58, NULL, '2024-05-21 06:52:41', 'page_view', 'user is view home page', NULL, NULL, NULL, 0, NULL, 'android', NULL),
(1988, 42, NULL, '2024-05-21 06:58:04', 'page_view', 'user is view home page', NULL, NULL, NULL, 0, NULL, 'android', NULL),
(1989, 42, NULL, '2024-05-21 06:58:24', 'page_view', 'user is view home page', NULL, NULL, NULL, 0, NULL, 'android', NULL),
(1990, 42, NULL, '2024-05-21 06:58:47', 'page_view', 'user is view home page', NULL, NULL, NULL, 0, NULL, 'android', NULL),
(1991, 42, NULL, '2024-05-21 07:05:50', 'page_view', 'user is view home page', NULL, NULL, NULL, 0, NULL, 'android', NULL),
(1992, 58, NULL, '2024-05-21 07:06:35', 'page_view', 'user is view home page', NULL, NULL, NULL, 0, NULL, 'android', NULL),
(1993, 42, NULL, '2024-05-21 07:08:58', 'page_view', 'user is view home page', NULL, NULL, NULL, 0, NULL, 'android', NULL),
(1994, 42, NULL, '2024-05-21 07:09:40', 'page_view', 'user is view home page', NULL, NULL, NULL, 0, NULL, 'android', NULL),
(1995, 42, NULL, '2024-05-21 07:09:58', 'page_view', 'user is view home page', NULL, NULL, NULL, 0, NULL, 'android', NULL),
(1996, 42, NULL, '2024-05-21 07:10:27', 'page_view', 'user is view home page', NULL, NULL, NULL, 0, NULL, 'android', NULL),
(1997, 58, NULL, '2024-05-21 07:43:37', 'page_view', 'user is view home page', NULL, NULL, NULL, 0, NULL, 'android', NULL),
(1998, 58, NULL, '2024-05-21 07:43:38', 'page_view', 'user is view home page', NULL, NULL, NULL, 0, NULL, 'android', NULL),
(1999, 58, NULL, '2024-05-21 07:45:54', 'page_view', 'user is view home page', NULL, NULL, NULL, 0, NULL, 'android', NULL),
(2000, 42, NULL, '2024-05-21 07:48:18', 'page_view', 'user is view home page', NULL, NULL, NULL, 0, NULL, 'android', NULL),
(2001, 42, NULL, '2024-05-21 07:48:56', 'page_view', 'user is view home page', NULL, NULL, NULL, 0, NULL, 'android', NULL),
(2002, 42, NULL, '2024-05-21 07:48:56', 'page_view', 'user is view home page', NULL, NULL, NULL, 0, NULL, 'android', NULL),
(2003, 42, NULL, '2024-05-21 07:48:56', 'page_view', 'user is view home page', NULL, NULL, NULL, 0, NULL, 'android', NULL),
(2004, 42, NULL, '2024-05-21 14:08:18', 'page_view', 'user is view home page', NULL, NULL, NULL, 0, NULL, 'android', NULL),
(2005, 58, NULL, '2024-05-21 14:09:21', 'page_view', 'user is view home page', NULL, NULL, NULL, 0, NULL, 'android', NULL),
(2006, 62, NULL, '2024-05-21 19:40:25', 'page_view', 'user is view home page', NULL, NULL, NULL, 0, NULL, 'android', NULL),
(2007, 42, NULL, '2024-05-22 10:14:12', 'page_view', 'user is view home page', NULL, NULL, NULL, 0, NULL, 'android', NULL),
(2008, 42, NULL, '2024-05-22 11:34:22', 'page_view', 'user is view home page', NULL, NULL, NULL, 0, NULL, 'android', NULL),
(2009, 42, NULL, '2024-05-22 11:51:29', 'page_view', 'user is view home page', NULL, NULL, NULL, 0, NULL, 'android', NULL),
(2010, 42, NULL, '2024-05-22 13:05:55', 'page_view', 'user is view home page', NULL, NULL, NULL, 0, NULL, 'android', NULL),
(2011, 42, NULL, '2024-05-22 13:05:57', 'page_view', 'user is view home page', NULL, NULL, NULL, 0, NULL, 'android', NULL),
(2012, 42, NULL, '2024-05-22 13:06:25', 'page_view', 'user is view home page', NULL, NULL, NULL, 0, NULL, 'android', NULL),
(2013, 42, NULL, '2024-05-22 13:07:12', 'page_view', 'user is view home page', NULL, NULL, NULL, 0, NULL, 'android', NULL),
(2014, 42, NULL, '2024-05-22 13:07:42', 'page_view', 'user is view home page', NULL, NULL, NULL, 0, NULL, 'android', NULL),
(2015, 42, NULL, '2024-05-22 13:08:06', 'page_view', 'user is view home page', NULL, NULL, NULL, 0, NULL, 'android', NULL),
(2016, 58, NULL, '2024-05-22 13:08:28', 'page_view', 'user is view home page', NULL, NULL, NULL, 0, NULL, 'android', NULL),
(2017, 58, NULL, '2024-05-22 13:08:29', 'page_view', 'user is view home page', NULL, NULL, NULL, 0, NULL, 'android', NULL),
(2018, 42, NULL, '2024-05-22 13:09:05', 'page_view', 'user is view home page', NULL, NULL, NULL, 0, NULL, 'android', NULL),
(2019, 42, NULL, '2024-05-22 13:10:36', 'page_view', 'user is view home page', NULL, NULL, NULL, 0, NULL, 'android', NULL),
(2020, 42, NULL, '2024-05-22 13:11:38', 'page_view', 'user is view home page', NULL, NULL, NULL, 0, NULL, 'android', NULL),
(2021, 42, NULL, '2024-05-22 13:12:51', 'page_view', 'user is view home page', NULL, NULL, NULL, 0, NULL, 'android', NULL),
(2022, 42, NULL, '2024-05-22 13:13:16', 'page_view', 'user is view home page', NULL, NULL, NULL, 0, NULL, 'android', NULL),
(2023, 42, NULL, '2024-05-22 13:38:22', 'page_view', 'user is view home page', NULL, NULL, NULL, 0, NULL, 'android', NULL),
(2024, 42, NULL, '2024-05-22 13:49:47', 'page_view', 'user is view home page', NULL, NULL, NULL, 0, NULL, 'android', NULL),
(2025, 42, NULL, '2024-05-22 14:00:20', 'page_view', 'user is view home page', NULL, NULL, NULL, 0, NULL, 'android', NULL),
(2026, 42, NULL, '2024-05-22 15:22:04', 'page_view', 'user is view home page', NULL, NULL, NULL, 0, NULL, 'android', NULL),
(2027, 42, NULL, '2024-05-22 15:25:20', 'page_view', 'user is view home page', NULL, NULL, NULL, 0, NULL, 'android', NULL),
(2028, 42, NULL, '2024-05-22 15:39:39', 'page_view', 'user is view home page', NULL, NULL, NULL, 0, NULL, 'android', NULL),
(2029, 42, NULL, '2024-05-22 15:45:52', 'page_view', 'user is view home page', NULL, NULL, NULL, 0, NULL, 'android', NULL),
(2030, 42, NULL, '2024-05-22 16:30:58', 'page_view', 'user is view home page', NULL, NULL, NULL, 0, NULL, 'android', NULL),
(2031, 42, NULL, '2024-05-22 17:05:29', 'page_view', 'user is view home page', NULL, NULL, NULL, 0, NULL, 'android', NULL),
(2032, 58, NULL, '2024-05-22 17:28:17', 'page_view', 'user is view home page', NULL, NULL, NULL, 0, NULL, 'android', NULL),
(2033, 42, NULL, '2024-05-22 17:43:42', 'page_view', 'user is view home page', NULL, NULL, NULL, 0, NULL, 'android', NULL),
(2034, 42, NULL, '2024-05-22 17:43:44', 'page_view', 'user is view home page', NULL, NULL, NULL, 0, NULL, 'android', NULL),
(2035, 58, NULL, '2024-05-22 17:45:22', 'page_view', 'user is view home page', NULL, NULL, NULL, 0, NULL, 'android', NULL),
(2036, 42, NULL, '2024-05-22 17:47:15', 'page_view', 'user is view home page', NULL, NULL, NULL, 0, NULL, 'android', NULL),
(2037, 42, NULL, '2024-05-22 17:48:29', 'page_view', 'user is view home page', NULL, NULL, NULL, 0, NULL, 'android', NULL),
(2038, 42, NULL, '2024-05-22 17:48:37', 'page_view', 'user is view home page', NULL, NULL, NULL, 0, NULL, 'android', NULL),
(2039, 42, NULL, '2024-05-22 17:49:21', 'page_view', 'user is view home page', NULL, NULL, NULL, 0, NULL, 'android', NULL),
(2040, 42, NULL, '2024-05-22 17:50:12', 'page_view', 'user is view home page', NULL, NULL, NULL, 0, NULL, 'android', NULL),
(2041, 42, NULL, '2024-05-22 17:50:19', 'page_view', 'user is view home page', NULL, NULL, NULL, 0, NULL, 'android', NULL),
(2042, 42, NULL, '2024-05-22 17:51:52', 'page_view', 'user is view home page', NULL, NULL, NULL, 0, NULL, 'android', NULL),
(2043, 42, NULL, '2024-05-22 17:52:07', 'page_view', 'user is view home page', NULL, NULL, NULL, 0, NULL, 'android', NULL),
(2044, 42, NULL, '2024-05-22 17:52:12', 'page_view', 'user is view home page', NULL, NULL, NULL, 0, NULL, 'android', NULL),
(2045, 42, NULL, '2024-05-22 17:52:33', 'page_view', 'user is view home page', NULL, NULL, NULL, 0, NULL, 'android', NULL),
(2046, 42, NULL, '2024-05-22 17:56:01', 'page_view', 'user is view home page', NULL, NULL, NULL, 0, NULL, 'android', NULL),
(2047, 42, NULL, '2024-05-22 22:42:03', 'page_view', 'user is view home page', NULL, NULL, NULL, 0, NULL, 'android', NULL),
(2048, 42, NULL, '2024-05-22 22:42:34', 'page_view', 'user is view home page', NULL, NULL, NULL, 0, NULL, 'android', NULL),
(2049, 42, NULL, '2024-05-22 22:43:04', 'page_view', 'user is view home page', NULL, NULL, NULL, 0, NULL, 'android', NULL),
(2050, 42, NULL, '2024-05-22 23:35:39', 'page_view', 'user is view home page', NULL, NULL, NULL, 0, NULL, 'android', NULL),
(2051, 58, NULL, '2024-05-22 23:36:24', 'page_view', 'user is view home page', NULL, NULL, NULL, 0, NULL, 'android', NULL),
(2052, 58, NULL, '2024-05-22 23:46:55', 'page_view', 'user is view home page', NULL, NULL, NULL, 0, NULL, 'android', NULL),
(2053, 58, NULL, '2024-05-22 23:50:46', 'page_view', 'user is view home page', NULL, NULL, NULL, 0, NULL, 'android', NULL),
(2054, 42, NULL, '2024-05-22 23:50:52', 'page_view', 'user is view home page', NULL, NULL, NULL, 0, NULL, 'android', NULL),
(2055, 58, NULL, '2024-05-23 00:20:52', 'page_view', 'user is view home page', NULL, NULL, NULL, 0, NULL, 'android', NULL),
(2056, 58, NULL, '2024-05-23 00:20:57', 'page_view', 'user is view home page', NULL, NULL, NULL, 0, NULL, 'android', NULL),
(2057, 58, NULL, '2024-05-23 00:22:31', 'page_view', 'user is view home page', NULL, NULL, NULL, 0, NULL, 'android', NULL),
(2058, 42, NULL, '2024-05-23 01:19:00', 'page_view', 'user is view home page', NULL, NULL, NULL, 0, NULL, 'android', NULL),
(2059, 58, NULL, '2024-05-23 01:22:31', 'page_view', 'user is view home page', NULL, NULL, NULL, 0, NULL, 'android', NULL),
(2060, 58, NULL, '2024-05-23 01:33:18', 'page_view', 'user is view home page', NULL, NULL, NULL, 0, NULL, 'android', NULL),
(2061, 58, NULL, '2024-05-23 01:35:35', 'page_view', 'user is view home page', NULL, NULL, NULL, 0, NULL, 'android', NULL),
(2062, 58, NULL, '2024-05-23 01:38:47', 'page_view', 'user is view home page', NULL, NULL, NULL, 0, NULL, 'android', NULL),
(2063, 58, NULL, '2024-05-23 01:41:47', 'page_view', 'user is view home page', NULL, NULL, NULL, 0, NULL, 'android', NULL),
(2064, 58, NULL, '2024-05-23 01:50:13', 'page_view', 'user is view home page', NULL, NULL, NULL, 0, NULL, 'android', NULL),
(2065, 58, NULL, '2024-05-23 02:02:57', 'page_view', 'user is view home page', NULL, NULL, NULL, 0, NULL, 'android', NULL),
(2066, 42, NULL, '2024-05-23 02:28:22', 'page_view', 'user is view home page', NULL, NULL, NULL, 0, NULL, 'android', NULL),
(2067, 42, NULL, '2024-05-23 02:33:47', 'page_view', 'user is view home page', NULL, NULL, NULL, 0, NULL, 'android', NULL),
(2068, 42, NULL, '2024-05-23 02:33:57', 'page_view', 'user is view home page', NULL, NULL, NULL, 0, NULL, 'android', NULL),
(2069, 42, NULL, '2024-05-23 02:35:40', 'page_view', 'user is view home page', NULL, NULL, NULL, 0, NULL, 'android', NULL),
(2070, 42, NULL, '2024-05-23 03:30:11', 'page_view', 'user is view home page', NULL, NULL, NULL, 0, NULL, 'android', NULL),
(2071, 42, NULL, '2024-05-23 07:18:10', 'page_view', 'user is view home page', NULL, NULL, NULL, 0, NULL, 'android', NULL),
(2072, 42, NULL, '2024-05-23 07:26:20', 'page_view', 'user is view home page', NULL, NULL, NULL, 0, NULL, 'android', NULL),
(2073, 42, NULL, '2024-05-23 07:26:29', 'page_view', 'user is view home page', NULL, NULL, NULL, 0, NULL, 'android', NULL),
(2074, 58, NULL, '2024-05-23 07:27:41', 'page_view', 'user is view home page', NULL, NULL, NULL, 0, NULL, 'android', NULL),
(2075, 42, NULL, '2024-05-23 07:28:01', 'page_view', 'user is view home page', NULL, NULL, NULL, 0, NULL, 'android', NULL),
(2076, 58, NULL, '2024-05-23 07:34:16', 'page_view', 'user is view home page', NULL, NULL, NULL, 0, NULL, 'android', NULL),
(2077, 42, NULL, '2024-05-23 07:37:41', 'page_view', 'user is view home page', NULL, NULL, NULL, 0, NULL, 'android', NULL),
(2078, 58, NULL, '2024-05-23 07:39:43', 'page_view', 'user is view home page', NULL, NULL, NULL, 0, NULL, 'android', NULL),
(2079, 58, NULL, '2024-05-23 07:40:27', 'page_view', 'user is view home page', NULL, NULL, NULL, 0, NULL, 'android', NULL),
(2080, 42, NULL, '2024-05-23 07:47:09', 'page_view', 'user is view home page', NULL, NULL, NULL, 0, NULL, 'android', NULL),
(2081, 42, NULL, '2024-05-23 07:51:23', 'page_view', 'user is view home page', NULL, NULL, NULL, 0, NULL, 'android', NULL),
(2082, 58, NULL, '2024-05-23 08:22:17', 'page_view', 'user is view home page', NULL, NULL, NULL, 0, NULL, 'android', NULL),
(2083, 42, NULL, '2024-05-23 08:23:34', 'page_view', 'user is view home page', NULL, NULL, NULL, 0, NULL, 'android', NULL),
(2084, 58, NULL, '2024-05-23 08:25:00', 'page_view', 'user is view home page', NULL, NULL, NULL, 0, NULL, 'android', NULL),
(2085, 42, NULL, '2024-05-23 08:26:24', 'page_view', 'user is view home page', NULL, NULL, NULL, 0, NULL, 'android', NULL),
(2086, 42, NULL, '2024-05-23 12:28:38', 'page_view', 'user is view home page', NULL, NULL, NULL, 0, NULL, 'android', NULL),
(2087, 57, NULL, '2024-05-23 16:20:20', 'page_view', 'user is view home page', NULL, NULL, NULL, 0, NULL, 'android', NULL),
(2088, 58, NULL, '2024-05-25 06:45:51', 'page_view', 'user is view home page', NULL, NULL, NULL, 0, NULL, 'android', NULL),
(2089, 42, NULL, '2024-05-25 06:47:15', 'page_view', 'user is view home page', NULL, NULL, NULL, 0, NULL, 'android', NULL),
(2090, 58, NULL, '2024-05-28 02:30:27', 'page_view', 'user is view home page', NULL, NULL, NULL, 0, NULL, 'android', NULL),
(2091, 42, NULL, '2024-05-28 02:32:01', 'page_view', 'user is view home page', NULL, NULL, NULL, 0, NULL, 'android', NULL),
(2092, 58, NULL, '2024-05-28 02:32:37', 'page_view', 'user is view home page', NULL, NULL, NULL, 0, NULL, 'android', NULL),
(2093, 42, NULL, '2024-05-28 11:53:24', 'page_view', 'user is view home page', NULL, NULL, NULL, 0, NULL, 'android', NULL),
(2094, 58, NULL, '2024-05-28 11:55:40', 'page_view', 'user is view home page', NULL, NULL, NULL, 0, NULL, 'android', NULL),
(2095, 42, NULL, '2024-05-28 11:56:46', 'page_view', 'user is view home page', NULL, NULL, NULL, 0, NULL, 'android', NULL),
(2096, 42, NULL, '2024-05-28 11:57:29', 'page_view', 'user is view home page', NULL, NULL, NULL, 0, NULL, 'android', NULL),
(2097, 42, NULL, '2024-05-28 11:57:35', 'page_view', 'user is view home page', NULL, NULL, NULL, 0, NULL, 'android', NULL),
(2098, 58, NULL, '2024-05-28 11:59:49', 'page_view', 'user is view home page', NULL, NULL, NULL, 0, NULL, 'android', NULL),
(2099, 58, NULL, '2024-05-28 11:59:57', 'page_view', 'user is view home page', NULL, NULL, NULL, 0, NULL, 'android', NULL),
(2100, 58, NULL, '2024-05-28 12:00:18', 'page_view', 'user is view home page', NULL, NULL, NULL, 0, NULL, 'android', NULL),
(2101, 58, NULL, '2024-06-03 03:00:21', 'page_view', 'user is view home page', NULL, NULL, NULL, 0, NULL, 'android', NULL),
(2102, 58, NULL, '2024-06-05 07:24:33', 'page_view', 'user is view home page', NULL, NULL, NULL, 0, NULL, 'android', NULL),
(2103, 42, NULL, '2024-06-05 07:24:57', 'page_view', 'user is view home page', NULL, NULL, NULL, 0, NULL, 'android', NULL),
(2104, 58, NULL, '2024-06-05 23:36:45', 'page_view', 'user is view home page', NULL, NULL, NULL, 0, NULL, 'android', NULL),
(2105, 58, NULL, '2024-06-06 05:08:40', 'page_view', 'user is view home page', NULL, NULL, NULL, 0, NULL, 'android', NULL),
(2106, 42, NULL, '2024-06-14 18:16:06', 'page_view', 'user is view home page', NULL, NULL, NULL, 0, NULL, 'android', NULL),
(2107, 42, NULL, '2024-06-14 18:18:28', 'page_view', 'user is view home page', NULL, NULL, NULL, 0, NULL, 'android', NULL),
(2108, 42, NULL, '2024-06-15 00:33:21', 'page_view', 'user is view home page', NULL, NULL, NULL, 0, NULL, 'android', NULL),
(2109, 42, NULL, '2024-06-15 00:38:00', 'page_view', 'user is view home page', NULL, NULL, NULL, 0, NULL, 'android', NULL),
(2110, 42, NULL, '2024-06-15 00:39:20', 'page_view', 'user is view home page', NULL, NULL, NULL, 0, NULL, 'android', NULL),
(2111, 58, NULL, '2024-06-15 00:39:30', 'page_view', 'user is view home page', NULL, NULL, NULL, 0, NULL, 'android', NULL),
(2112, 42, NULL, '2024-06-15 00:41:15', 'page_view', 'user is view home page', NULL, NULL, NULL, 0, NULL, 'android', NULL),
(2113, 42, NULL, '2024-06-15 01:13:42', 'page_view', 'user is view home page', NULL, NULL, NULL, 0, NULL, 'android', NULL),
(2114, 42, NULL, '2024-06-15 01:18:10', 'page_view', 'user is view home page', NULL, NULL, NULL, 0, NULL, 'android', NULL),
(2115, 42, NULL, '2024-06-17 01:54:11', 'page_view', 'user is view home page', NULL, NULL, NULL, 0, NULL, 'android', NULL),
(2116, 42, NULL, '2024-06-17 02:20:50', 'page_view', 'user is view home page', NULL, NULL, NULL, 0, NULL, 'android', NULL),
(2117, 42, NULL, '2024-06-17 03:27:23', 'page_view', 'user is view home page', NULL, NULL, NULL, 0, NULL, 'android', NULL),
(2118, 42, NULL, '2024-06-17 03:29:13', 'page_view', 'user is view home page', NULL, NULL, NULL, 0, NULL, 'android', NULL),
(2119, 42, NULL, '2024-06-17 03:37:52', 'page_view', 'user is view home page', NULL, NULL, NULL, 0, NULL, 'android', NULL),
(2120, 42, NULL, '2024-06-17 03:39:49', 'page_view', 'user is view home page', NULL, NULL, NULL, 0, NULL, 'android', NULL),
(2121, 42, NULL, '2024-06-17 03:40:39', 'page_view', 'user is view home page', NULL, NULL, NULL, 0, NULL, 'android', NULL),
(2122, 42, NULL, '2024-06-17 03:42:51', 'page_view', 'user is view home page', NULL, NULL, NULL, 0, NULL, 'android', NULL),
(2123, 42, NULL, '2024-06-17 03:44:23', 'page_view', 'user is view home page', NULL, NULL, NULL, 0, NULL, 'android', NULL),
(2124, 42, NULL, '2024-06-17 03:46:19', 'page_view', 'user is view home page', NULL, NULL, NULL, 0, NULL, 'android', NULL),
(2125, 42, NULL, '2024-06-17 04:27:12', 'page_view', 'user is view home page', NULL, NULL, NULL, 0, NULL, 'android', NULL),
(2126, 42, NULL, '2024-06-17 08:55:32', 'page_view', 'user is view home page', NULL, NULL, NULL, 0, NULL, 'android', NULL),
(2127, 42, NULL, '2024-06-17 10:59:57', 'page_view', 'user is view home page', NULL, NULL, NULL, 0, NULL, 'android', NULL),
(2128, 42, NULL, '2024-06-17 11:05:36', 'page_view', 'user is view home page', NULL, NULL, NULL, 0, NULL, 'android', NULL),
(2129, 42, NULL, '2024-06-17 11:06:03', 'page_view', 'user is view home page', NULL, NULL, NULL, 0, NULL, 'android', NULL),
(2130, 42, NULL, '2024-06-17 11:07:03', 'page_view', 'user is view home page', NULL, NULL, NULL, 0, NULL, 'android', NULL),
(2131, 42, NULL, '2024-06-17 11:12:23', 'page_view', 'user is view home page', NULL, NULL, NULL, 0, NULL, 'android', NULL),
(2132, 42, NULL, '2024-06-17 11:14:33', 'page_view', 'user is view home page', NULL, NULL, NULL, 0, NULL, 'android', NULL),
(2133, 42, NULL, '2024-06-17 11:17:10', 'page_view', 'user is view home page', NULL, NULL, NULL, 0, NULL, 'android', NULL),
(2134, 42, NULL, '2024-06-17 11:40:39', 'page_view', 'user is view home page', NULL, NULL, NULL, 0, NULL, 'android', NULL),
(2135, 42, NULL, '2024-06-18 00:01:56', 'page_view', 'user is view home page', NULL, NULL, NULL, 0, NULL, 'android', NULL),
(2136, 42, NULL, '2024-06-18 07:00:19', 'page_view', 'user is view home page', NULL, NULL, NULL, 0, NULL, 'android', NULL),
(2137, 42, NULL, '2024-06-18 07:04:59', 'page_view', 'user is view home page', NULL, NULL, NULL, 0, NULL, 'android', NULL),
(2138, 42, NULL, '2024-06-18 07:09:33', 'page_view', 'user is view home page', NULL, NULL, NULL, 0, NULL, 'android', NULL),
(2139, 42, NULL, '2024-06-18 07:15:41', 'page_view', 'user is view home page', NULL, NULL, NULL, 0, NULL, 'android', NULL),
(2140, 42, NULL, '2024-06-18 07:17:16', 'page_view', 'user is view home page', NULL, NULL, NULL, 0, NULL, 'android', NULL),
(2141, 42, NULL, '2024-06-18 07:31:50', 'page_view', 'user is view home page', NULL, NULL, NULL, 0, NULL, 'android', NULL),
(2142, 42, NULL, '2024-06-18 07:35:47', 'page_view', 'user is view home page', NULL, NULL, NULL, 0, NULL, 'android', NULL),
(2143, 42, NULL, '2024-06-18 07:42:21', 'page_view', 'user is view home page', NULL, NULL, NULL, 0, NULL, 'android', NULL),
(2144, 42, NULL, '2024-06-18 07:44:15', 'page_view', 'user is view home page', NULL, NULL, NULL, 0, NULL, 'android', NULL),
(2145, 42, NULL, '2024-06-18 07:45:14', 'page_view', 'user is view home page', NULL, NULL, NULL, 0, NULL, 'android', NULL),
(2146, 42, NULL, '2024-06-18 07:49:01', 'page_view', 'user is view home page', NULL, NULL, NULL, 0, NULL, 'android', NULL),
(2147, 42, NULL, '2024-06-18 07:50:07', 'page_view', 'user is view home page', NULL, NULL, NULL, 0, NULL, 'android', NULL),
(2148, 42, NULL, '2024-06-18 07:51:12', 'page_view', 'user is view home page', NULL, NULL, NULL, 0, NULL, 'android', NULL),
(2149, 58, NULL, '2024-06-18 08:43:44', 'page_view', 'user is view home page', NULL, NULL, NULL, 0, NULL, 'android', NULL),
(2150, 58, NULL, '2024-06-18 12:48:37', 'page_view', 'user is view home page', NULL, NULL, NULL, 0, NULL, 'android', NULL),
(2151, 58, NULL, '2024-06-18 14:38:12', 'page_view', 'user is view home page', NULL, NULL, NULL, 0, NULL, 'android', NULL),
(2152, 42, NULL, '2024-06-18 23:31:49', 'page_view', 'user is view home page', NULL, NULL, NULL, 0, NULL, 'android', NULL),
(2153, 42, NULL, '2024-06-19 00:04:07', 'page_view', 'user is view home page', NULL, NULL, NULL, 0, NULL, 'android', NULL),
(2154, 42, NULL, '2024-06-19 00:05:46', 'page_view', 'user is view home page', NULL, NULL, NULL, 0, NULL, 'android', NULL),
(2155, 42, NULL, '2024-06-19 01:55:33', 'page_view', 'user is view home page', NULL, NULL, NULL, 0, NULL, 'android', NULL),
(2156, 42, NULL, '2024-06-19 02:55:22', 'page_view', 'user is view home page', NULL, NULL, NULL, 0, NULL, 'android', NULL),
(2157, 42, NULL, '2024-06-19 03:29:13', 'page_view', 'user is view home page', NULL, NULL, NULL, 0, NULL, 'android', NULL),
(2158, 42, NULL, '2024-06-19 04:23:24', 'page_view', 'user is view home page', NULL, NULL, NULL, 0, NULL, 'android', NULL),
(2159, 58, NULL, '2024-06-19 05:08:23', 'page_view', 'user is view home page', NULL, NULL, NULL, 0, NULL, 'android', NULL),
(2160, 58, NULL, '2024-06-19 05:15:06', 'page_view', 'user is view home page', NULL, NULL, NULL, 0, NULL, 'android', NULL),
(2161, 58, NULL, '2024-06-19 05:15:42', 'page_view', 'user is view home page', NULL, NULL, NULL, 0, NULL, 'android', NULL),
(2162, 58, NULL, '2024-06-19 05:15:51', 'page_view', 'user is view home page', NULL, NULL, NULL, 0, NULL, 'android', NULL),
(2163, 58, NULL, '2024-06-19 05:16:14', 'page_view', 'user is view home page', NULL, NULL, NULL, 0, NULL, 'android', NULL),
(2164, 42, NULL, '2024-06-19 05:21:56', 'page_view', 'user is view home page', NULL, NULL, NULL, 0, NULL, 'android', NULL),
(2165, 58, NULL, '2024-06-19 05:29:01', 'page_view', 'user is view home page', NULL, NULL, NULL, 0, NULL, 'android', NULL),
(2166, 58, NULL, '2024-06-19 05:29:16', 'page_view', 'user is view home page', NULL, NULL, NULL, 0, NULL, 'android', NULL),
(2167, 58, NULL, '2024-06-19 05:29:36', 'page_view', 'user is view home page', NULL, NULL, NULL, 0, NULL, 'android', NULL),
(2168, 58, NULL, '2024-06-19 05:29:53', 'page_view', 'user is view home page', NULL, NULL, NULL, 0, NULL, 'android', NULL),
(2169, 58, NULL, '2024-06-19 05:30:01', 'page_view', 'user is view home page', NULL, NULL, NULL, 0, NULL, 'android', NULL),
(2170, 42, NULL, '2024-06-19 05:34:07', 'page_view', 'user is view home page', NULL, NULL, NULL, 0, NULL, 'android', NULL),
(2171, 58, NULL, '2024-06-19 05:47:31', 'page_view', 'user is view home page', NULL, NULL, NULL, 0, NULL, 'android', NULL),
(2172, 58, NULL, '2024-06-19 05:49:03', 'page_view', 'user is view home page', NULL, NULL, NULL, 0, NULL, 'android', NULL),
(2173, 58, NULL, '2024-06-19 07:38:51', 'page_view', 'user is view home page', NULL, NULL, NULL, 0, NULL, 'android', NULL),
(2174, 42, NULL, '2024-06-19 09:24:27', 'page_view', 'user is view home page', NULL, NULL, NULL, 0, NULL, 'android', NULL),
(2175, 58, NULL, '2024-06-19 10:39:39', 'page_view', 'user is view home page', NULL, NULL, NULL, 0, NULL, 'android', NULL),
(2176, 58, NULL, '2024-06-19 10:40:40', 'page_view', 'user is view home page', NULL, NULL, NULL, 0, NULL, 'android', NULL),
(2177, 58, NULL, '2024-06-19 10:42:26', 'page_view', 'user is view home page', NULL, NULL, NULL, 0, NULL, 'android', NULL),
(2178, 58, NULL, '2024-06-19 10:42:45', 'page_view', 'user is view home page', NULL, NULL, NULL, 0, NULL, 'android', NULL),
(2179, 58, NULL, '2024-06-19 10:43:11', 'page_view', 'user is view home page', NULL, NULL, NULL, 0, NULL, 'android', NULL),
(2180, 42, NULL, '2024-06-19 10:43:31', 'page_view', 'user is view home page', NULL, NULL, NULL, 0, NULL, 'android', NULL),
(2181, 58, NULL, '2024-06-19 10:43:48', 'page_view', 'user is view home page', NULL, NULL, NULL, 0, NULL, 'android', NULL),
(2182, 58, NULL, '2024-06-19 10:44:19', 'page_view', 'user is view home page', NULL, NULL, NULL, 0, NULL, 'android', NULL),
(2183, 58, NULL, '2024-06-19 10:44:35', 'page_view', 'user is view home page', NULL, NULL, NULL, 0, NULL, 'android', NULL),
(2184, 58, NULL, '2024-06-19 10:44:47', 'page_view', 'user is view home page', NULL, NULL, NULL, 0, NULL, 'android', NULL),
(2185, 58, NULL, '2024-06-19 10:47:05', 'page_view', 'user is view home page', NULL, NULL, NULL, 0, NULL, 'android', NULL),
(2186, 58, NULL, '2024-06-19 10:47:09', 'page_view', 'user is view home page', NULL, NULL, NULL, 0, NULL, 'android', NULL),
(2187, 58, NULL, '2024-06-19 10:47:32', 'page_view', 'user is view home page', NULL, NULL, NULL, 0, NULL, 'android', NULL),
(2188, 42, NULL, '2024-06-19 10:51:00', 'page_view', 'user is view home page', NULL, NULL, NULL, 0, NULL, 'android', NULL),
(2189, 42, NULL, '2024-06-19 10:55:50', 'page_view', 'user is view home page', NULL, NULL, NULL, 0, NULL, 'android', NULL),
(2190, 42, NULL, '2024-06-19 10:58:04', 'page_view', 'user is view home page', NULL, NULL, NULL, 0, NULL, 'android', NULL),
(2191, 42, NULL, '2024-06-19 10:58:53', 'page_view', 'user is view home page', NULL, NULL, NULL, 0, NULL, 'android', NULL),
(2192, 42, NULL, '2024-06-19 11:01:08', 'page_view', 'user is view home page', NULL, NULL, NULL, 0, NULL, 'android', NULL),
(2193, 42, NULL, '2024-06-19 11:05:46', 'page_view', 'user is view home page', NULL, NULL, NULL, 0, NULL, 'android', NULL),
(2194, 42, NULL, '2024-06-19 11:15:49', 'page_view', 'user is view home page', NULL, NULL, NULL, 0, NULL, 'android', NULL),
(2195, 58, NULL, '2024-06-19 11:17:48', 'page_view', 'user is view home page', NULL, NULL, NULL, 0, NULL, 'android', NULL),
(2196, 42, NULL, '2024-06-19 11:18:38', 'page_view', 'user is view home page', NULL, NULL, NULL, 0, NULL, 'android', NULL),
(2197, 42, NULL, '2024-06-19 11:29:42', 'page_view', 'user is view home page', NULL, NULL, NULL, 0, NULL, 'android', NULL),
(2198, 42, NULL, '2024-06-19 11:35:32', 'page_view', 'user is view home page', NULL, NULL, NULL, 0, NULL, 'android', NULL),
(2199, 42, NULL, '2024-06-19 11:36:37', 'page_view', 'user is view home page', NULL, NULL, NULL, 0, NULL, 'android', NULL),
(2200, 42, NULL, '2024-06-19 11:47:32', 'page_view', 'user is view home page', NULL, NULL, NULL, 0, NULL, 'android', NULL),
(2201, 42, NULL, '2024-06-19 11:48:57', 'page_view', 'user is view home page', NULL, NULL, NULL, 0, NULL, 'android', NULL),
(2202, 58, NULL, '2024-06-19 12:03:34', 'page_view', 'user is view home page', NULL, NULL, NULL, 0, NULL, 'android', NULL),
(2203, 58, NULL, '2024-06-19 12:04:22', 'page_view', 'user is view home page', NULL, NULL, NULL, 0, NULL, 'android', NULL),
(2204, 58, NULL, '2024-06-19 12:04:43', 'page_view', 'user is view home page', NULL, NULL, NULL, 0, NULL, 'android', NULL),
(2205, 42, NULL, '2024-06-19 12:04:50', 'page_view', 'user is view home page', NULL, NULL, NULL, 0, NULL, 'android', NULL),
(2206, 58, NULL, '2024-06-19 12:08:41', 'page_view', 'user is view home page', NULL, NULL, NULL, 0, NULL, 'android', NULL),
(2207, 42, NULL, '2024-06-19 12:49:00', 'page_view', 'user is view home page', NULL, NULL, NULL, 0, NULL, 'android', NULL),
(2208, 42, NULL, '2024-06-19 13:17:40', 'page_view', 'user is view home page', NULL, NULL, NULL, 0, NULL, 'android', NULL),
(2209, 58, NULL, '2024-06-19 13:49:25', 'page_view', 'user is view home page', NULL, NULL, NULL, 0, NULL, 'android', NULL),
(2210, 42, NULL, '2024-06-19 15:08:54', 'page_view', 'user is view home page', NULL, NULL, NULL, 0, NULL, 'android', NULL),
(2211, 42, NULL, '2024-06-19 15:10:29', 'page_view', 'user is view home page', NULL, NULL, NULL, 0, NULL, 'android', NULL),
(2212, 42, NULL, '2024-06-19 15:16:47', 'page_view', 'user is view home page', NULL, NULL, NULL, 0, NULL, 'android', NULL),
(2213, 42, NULL, '2024-06-19 15:24:58', 'page_view', 'user is view home page', NULL, NULL, NULL, 0, NULL, 'android', NULL),
(2214, 42, NULL, '2024-06-19 15:25:20', 'page_view', 'user is view home page', NULL, NULL, NULL, 0, NULL, 'android', NULL),
(2215, 58, NULL, '2024-06-19 15:30:40', 'page_view', 'user is view home page', NULL, NULL, NULL, 0, NULL, 'android', NULL),
(2216, 42, NULL, '2024-06-19 15:41:43', 'page_view', 'user is view home page', NULL, NULL, NULL, 0, NULL, 'android', NULL),
(2217, 42, NULL, '2024-06-19 15:45:13', 'page_view', 'user is view home page', NULL, NULL, NULL, 0, NULL, 'android', NULL),
(2218, 42, NULL, '2024-06-19 15:46:21', 'page_view', 'user is view home page', NULL, NULL, NULL, 0, NULL, 'android', NULL),
(2219, 42, NULL, '2024-06-19 15:46:26', 'page_view', 'user is view home page', NULL, NULL, NULL, 0, NULL, 'android', NULL),
(2220, 42, NULL, '2024-06-19 15:46:27', 'page_view', 'user is view home page', NULL, NULL, NULL, 0, NULL, 'android', NULL),
(2221, 58, NULL, '2024-06-19 15:47:12', 'page_view', 'user is view home page', NULL, NULL, NULL, 0, NULL, 'android', NULL),
(2222, 42, NULL, '2024-06-19 15:47:22', 'page_view', 'user is view home page', NULL, NULL, NULL, 0, NULL, 'android', NULL),
(2223, 58, NULL, '2024-06-19 16:25:29', 'page_view', 'user is view home page', NULL, NULL, NULL, 0, NULL, 'android', NULL),
(2224, 58, NULL, '2024-06-19 16:26:57', 'page_view', 'user is view home page', NULL, NULL, NULL, 0, NULL, 'android', NULL),
(2225, 58, NULL, '2024-06-19 16:27:45', 'page_view', 'user is view home page', NULL, NULL, NULL, 0, NULL, 'android', NULL),
(2226, 58, NULL, '2024-06-19 16:28:19', 'page_view', 'user is view home page', NULL, NULL, NULL, 0, NULL, 'android', NULL),
(2227, 58, NULL, '2024-06-19 16:28:20', 'page_view', 'user is view home page', NULL, NULL, NULL, 0, NULL, 'android', NULL),
(2228, 58, NULL, '2024-06-19 16:28:21', 'page_view', 'user is view home page', NULL, NULL, NULL, 0, NULL, 'android', NULL),
(2229, 58, NULL, '2024-06-19 16:28:26', 'page_view', 'user is view home page', NULL, NULL, NULL, 0, NULL, 'android', NULL),
(2230, 42, NULL, '2024-06-19 16:29:05', 'page_view', 'user is view home page', NULL, NULL, NULL, 0, NULL, 'android', NULL),
(2231, 58, NULL, '2024-06-20 00:46:28', 'page_view', 'user is view home page', NULL, NULL, NULL, 0, NULL, 'android', NULL),
(2232, 42, NULL, '2024-06-20 00:48:40', 'page_view', 'user is view home page', NULL, NULL, NULL, 0, NULL, 'android', NULL),
(2233, 42, NULL, '2024-06-20 00:48:54', 'page_view', 'user is view home page', NULL, NULL, NULL, 0, NULL, 'android', NULL),
(2234, 42, NULL, '2024-06-20 00:49:00', 'page_view', 'user is view home page', NULL, NULL, NULL, 0, NULL, 'android', NULL),
(2235, 42, NULL, '2024-06-20 00:49:28', 'page_view', 'user is view home page', NULL, NULL, NULL, 0, NULL, 'android', NULL),
(2236, 42, NULL, '2024-06-20 00:49:35', 'page_view', 'user is view home page', NULL, NULL, NULL, 0, NULL, 'android', NULL),
(2237, 42, NULL, '2024-06-20 00:49:52', 'page_view', 'user is view home page', NULL, NULL, NULL, 0, NULL, 'android', NULL),
(2238, 42, NULL, '2024-06-20 00:51:18', 'page_view', 'user is view home page', NULL, NULL, NULL, 0, NULL, 'android', NULL),
(2239, 58, NULL, '2024-06-20 00:51:37', 'page_view', 'user is view home page', NULL, NULL, NULL, 0, NULL, 'android', NULL),
(2240, 42, NULL, '2024-06-20 00:51:41', 'page_view', 'user is view home page', NULL, NULL, NULL, 0, NULL, 'android', NULL),
(2241, 42, NULL, '2024-06-20 00:52:30', 'page_view', 'user is view home page', NULL, NULL, NULL, 0, NULL, 'android', NULL),
(2242, 58, NULL, '2024-06-20 00:52:40', 'page_view', 'user is view home page', NULL, NULL, NULL, 0, NULL, 'android', NULL),
(2243, 42, NULL, '2024-06-20 00:52:50', 'page_view', 'user is view home page', NULL, NULL, NULL, 0, NULL, 'android', NULL),
(2244, 42, NULL, '2024-06-20 00:53:10', 'page_view', 'user is view home page', NULL, NULL, NULL, 0, NULL, 'android', NULL),
(2245, 58, NULL, '2024-06-20 00:53:20', 'page_view', 'user is view home page', NULL, NULL, NULL, 0, NULL, 'android', NULL),
(2246, 58, NULL, '2024-06-20 00:53:36', 'page_view', 'user is view home page', NULL, NULL, NULL, 0, NULL, 'android', NULL),
(2247, 58, NULL, '2024-06-20 00:54:08', 'page_view', 'user is view home page', NULL, NULL, NULL, 0, NULL, 'android', NULL),
(2248, 58, NULL, '2024-06-20 00:54:09', 'page_view', 'user is view home page', NULL, NULL, NULL, 0, NULL, 'android', NULL),
(2249, 58, NULL, '2024-06-20 00:54:18', 'page_view', 'user is view home page', NULL, NULL, NULL, 0, NULL, 'android', NULL),
(2250, 42, NULL, '2024-06-20 03:49:41', 'page_view', 'user is view home page', NULL, NULL, NULL, 0, NULL, 'android', NULL),
(2251, 42, NULL, '2024-06-20 03:49:55', 'page_view', 'user is view home page', NULL, NULL, NULL, 0, NULL, 'android', NULL),
(2252, 58, NULL, '2024-06-20 03:50:07', 'page_view', 'user is view home page', NULL, NULL, NULL, 0, NULL, 'android', NULL),
(2253, 42, NULL, '2024-06-20 03:55:05', 'page_view', 'user is view home page', NULL, NULL, NULL, 0, NULL, 'android', NULL),
(2254, 58, NULL, '2024-06-20 03:56:35', 'page_view', 'user is view home page', NULL, NULL, NULL, 0, NULL, 'android', NULL),
(2255, 42, NULL, '2024-06-20 03:58:38', 'page_view', 'user is view home page', NULL, NULL, NULL, 0, NULL, 'android', NULL),
(2256, 42, NULL, '2024-06-20 03:58:46', 'page_view', 'user is view home page', NULL, NULL, NULL, 0, NULL, 'android', NULL),
(2257, 42, NULL, '2024-06-20 04:09:36', 'page_view', 'user is view home page', NULL, NULL, NULL, 0, NULL, 'android', NULL),
(2258, 42, NULL, '2024-06-20 04:09:39', 'page_view', 'user is view home page', NULL, NULL, NULL, 0, NULL, 'android', NULL),
(2259, 58, NULL, '2024-06-20 04:09:54', 'page_view', 'user is view home page', NULL, NULL, NULL, 0, NULL, 'android', NULL),
(2260, 42, NULL, '2024-06-20 04:10:27', 'page_view', 'user is view home page', NULL, NULL, NULL, 0, NULL, 'android', NULL),
(2261, 42, NULL, '2024-06-20 04:17:53', 'page_view', 'user is view home page', NULL, NULL, NULL, 0, NULL, 'android', NULL),
(2262, 42, NULL, '2024-06-20 05:00:51', 'page_view', 'user is view home page', NULL, NULL, NULL, 0, NULL, 'android', NULL),
(2263, 42, NULL, '2024-06-20 05:02:54', 'page_view', 'user is view home page', NULL, NULL, NULL, 0, NULL, 'android', NULL),
(2264, 42, NULL, '2024-06-20 05:04:29', 'page_view', 'user is view home page', NULL, NULL, NULL, 0, NULL, 'android', NULL),
(2265, 42, NULL, '2024-06-20 05:07:29', 'page_view', 'user is view home page', NULL, NULL, NULL, 0, NULL, 'android', NULL),
(2266, 42, NULL, '2024-06-20 05:08:44', 'page_view', 'user is view home page', NULL, NULL, NULL, 0, NULL, 'android', NULL),
(2267, 42, NULL, '2024-06-20 05:09:27', 'page_view', 'user is view home page', NULL, NULL, NULL, 0, NULL, 'android', NULL),
(2268, 42, NULL, '2024-06-20 05:09:39', 'page_view', 'user is view home page', NULL, NULL, NULL, 0, NULL, 'android', NULL),
(2269, 42, NULL, '2024-06-20 05:09:45', 'page_view', 'user is view home page', NULL, NULL, NULL, 0, NULL, 'android', NULL),
(2270, 42, NULL, '2024-06-20 05:09:51', 'page_view', 'user is view home page', NULL, NULL, NULL, 0, NULL, 'android', NULL),
(2271, 42, NULL, '2024-06-20 05:24:00', 'page_view', 'user is view home page', NULL, NULL, NULL, 0, NULL, 'android', NULL),
(2272, 42, NULL, '2024-06-20 05:32:50', 'page_view', 'user is view home page', NULL, NULL, NULL, 0, NULL, 'android', NULL),
(2273, 42, NULL, '2024-06-20 05:45:51', 'page_view', 'user is view home page', NULL, NULL, NULL, 0, NULL, 'android', NULL),
(2274, 42, NULL, '2024-06-20 05:46:01', 'page_view', 'user is view home page', NULL, NULL, NULL, 0, NULL, 'android', NULL),
(2275, 42, NULL, '2024-06-20 05:46:13', 'page_view', 'user is view home page', NULL, NULL, NULL, 0, NULL, 'android', NULL),
(2276, 58, NULL, '2024-06-20 05:46:23', 'page_view', 'user is view home page', NULL, NULL, NULL, 0, NULL, 'android', NULL),
(2277, 58, NULL, '2024-06-20 05:46:26', 'page_view', 'user is view home page', NULL, NULL, NULL, 0, NULL, 'android', NULL),
(2278, 58, NULL, '2024-06-20 05:46:28', 'page_view', 'user is view home page', NULL, NULL, NULL, 0, NULL, 'android', NULL),
(2279, 42, NULL, '2024-06-20 06:13:59', 'page_view', 'user is view home page', NULL, NULL, NULL, 0, NULL, 'android', NULL),
(2280, 42, NULL, '2024-06-20 06:15:00', 'page_view', 'user is view home page', NULL, NULL, NULL, 0, NULL, 'android', NULL),
(2281, 42, NULL, '2024-06-20 06:15:16', 'page_view', 'user is view home page', NULL, NULL, NULL, 0, NULL, 'android', NULL),
(2282, 58, NULL, '2024-06-20 06:36:03', 'page_view', 'user is view home page', NULL, NULL, NULL, 0, NULL, 'android', NULL),
(2283, 42, NULL, '2024-06-20 07:07:58', 'page_view', 'user is view home page', NULL, NULL, NULL, 0, NULL, 'android', NULL),
(2284, 42, NULL, '2024-06-20 07:29:42', 'page_view', 'user is view home page', NULL, NULL, NULL, 0, NULL, 'android', NULL),
(2285, 42, NULL, '2024-06-20 09:15:57', 'page_view', 'user is view home page', NULL, NULL, NULL, 0, NULL, 'android', NULL),
(2286, 42, NULL, '2024-06-20 09:40:57', 'page_view', 'user is view home page', NULL, NULL, NULL, 0, NULL, 'android', NULL),
(2287, 42, NULL, '2024-06-20 09:46:45', 'page_view', 'user is view home page', NULL, NULL, NULL, 0, NULL, 'android', NULL),
(2288, 42, NULL, '2024-06-20 09:52:40', 'page_view', 'user is view home page', NULL, NULL, NULL, 0, NULL, 'android', NULL),
(2289, 42, NULL, '2024-06-20 10:08:45', 'page_view', 'user is view home page', NULL, NULL, NULL, 0, NULL, 'android', NULL),
(2290, 42, NULL, '2024-06-20 10:48:08', 'page_view', 'user is view home page', NULL, NULL, NULL, 0, NULL, 'android', NULL);
INSERT INTO `user_action_history` (`action_id`, `user_id`, `device_id`, `action_time`, `action_type`, `action_details`, `ip_address`, `location_info`, `action_duration`, `status_code`, `error_message`, `access_type`, `additional_data`) VALUES
(2291, 42, NULL, '2024-06-20 10:59:43', 'page_view', 'user is view home page', NULL, NULL, NULL, 0, NULL, 'android', NULL),
(2292, 42, NULL, '2024-06-20 10:59:52', 'page_view', 'user is view home page', NULL, NULL, NULL, 0, NULL, 'android', NULL),
(2293, 42, NULL, '2024-06-20 11:10:10', 'page_view', 'user is view home page', NULL, NULL, NULL, 0, NULL, 'android', NULL),
(2294, 42, NULL, '2024-06-20 11:10:17', 'page_view', 'user is view home page', NULL, NULL, NULL, 0, NULL, 'android', NULL),
(2295, 42, NULL, '2024-06-20 11:10:23', 'page_view', 'user is view home page', NULL, NULL, NULL, 0, NULL, 'android', NULL),
(2296, 42, NULL, '2024-06-20 11:10:54', 'page_view', 'user is view home page', NULL, NULL, NULL, 0, NULL, 'android', NULL),
(2297, 42, NULL, '2024-06-20 11:18:40', 'page_view', 'user is view home page', NULL, NULL, NULL, 0, NULL, 'android', NULL),
(2298, 42, NULL, '2024-06-20 11:26:09', 'page_view', 'user is view home page', NULL, NULL, NULL, 0, NULL, 'android', NULL),
(2299, 42, NULL, '2024-06-20 11:37:04', 'page_view', 'user is view home page', NULL, NULL, NULL, 0, NULL, 'android', NULL),
(2300, 42, NULL, '2024-06-20 11:37:54', 'page_view', 'user is view home page', NULL, NULL, NULL, 0, NULL, 'android', NULL),
(2301, 58, NULL, '2024-06-20 11:46:13', 'page_view', 'user is view home page', NULL, NULL, NULL, 0, NULL, 'android', NULL),
(2302, 58, NULL, '2024-06-20 14:19:11', 'page_view', 'user is view home page', NULL, NULL, NULL, 0, NULL, 'android', NULL),
(2303, 58, NULL, '2024-06-20 14:19:15', 'page_view', 'user is view home page', NULL, NULL, NULL, 0, NULL, 'android', NULL),
(2304, 42, NULL, '2024-06-20 14:19:24', 'page_view', 'user is view home page', NULL, NULL, NULL, 0, NULL, 'android', NULL),
(2305, 58, NULL, '2024-06-20 14:19:50', 'page_view', 'user is view home page', NULL, NULL, NULL, 0, NULL, 'android', NULL),
(2306, 58, NULL, '2024-06-20 14:20:14', 'page_view', 'user is view home page', NULL, NULL, NULL, 0, NULL, 'android', NULL),
(2307, 58, NULL, '2024-06-20 14:20:35', 'page_view', 'user is view home page', NULL, NULL, NULL, 0, NULL, 'android', NULL),
(2308, 58, NULL, '2024-06-20 14:21:03', 'page_view', 'user is view home page', NULL, NULL, NULL, 0, NULL, 'android', NULL),
(2309, 58, NULL, '2024-06-20 14:21:13', 'page_view', 'user is view home page', NULL, NULL, NULL, 0, NULL, 'android', NULL),
(2310, 58, NULL, '2024-06-20 14:22:09', 'page_view', 'user is view home page', NULL, NULL, NULL, 0, NULL, 'android', NULL),
(2311, 58, NULL, '2024-06-20 14:23:53', 'page_view', 'user is view home page', NULL, NULL, NULL, 0, NULL, 'android', NULL),
(2312, 58, NULL, '2024-06-20 14:24:08', 'page_view', 'user is view home page', NULL, NULL, NULL, 0, NULL, 'android', NULL),
(2313, 58, NULL, '2024-06-20 14:24:23', 'page_view', 'user is view home page', NULL, NULL, NULL, 0, NULL, 'android', NULL),
(2314, 42, NULL, '2024-06-20 14:25:53', 'page_view', 'user is view home page', NULL, NULL, NULL, 0, NULL, 'android', NULL),
(2315, 58, NULL, '2024-06-20 14:26:22', 'page_view', 'user is view home page', NULL, NULL, NULL, 0, NULL, 'android', NULL),
(2316, 42, NULL, '2024-06-20 14:26:48', 'page_view', 'user is view home page', NULL, NULL, NULL, 0, NULL, 'android', NULL),
(2317, 42, NULL, '2024-06-21 01:07:32', 'page_view', 'user is view home page', NULL, NULL, NULL, 0, NULL, 'android', NULL),
(2318, 58, NULL, '2024-06-21 01:09:26', 'page_view', 'user is view home page', NULL, NULL, NULL, 0, NULL, 'android', NULL),
(2319, 42, NULL, '2024-06-21 01:09:39', 'page_view', 'user is view home page', NULL, NULL, NULL, 0, NULL, 'android', NULL),
(2320, 42, NULL, '2024-06-21 01:10:12', 'page_view', 'user is view home page', NULL, NULL, NULL, 0, NULL, 'android', NULL),
(2321, 42, NULL, '2024-06-21 01:10:14', 'page_view', 'user is view home page', NULL, NULL, NULL, 0, NULL, 'android', NULL),
(2322, 42, NULL, '2024-06-21 01:44:56', 'page_view', 'user is view home page', NULL, NULL, NULL, 0, NULL, 'android', NULL),
(2323, 42, NULL, '2024-06-21 01:47:32', 'page_view', 'user is view home page', NULL, NULL, NULL, 0, NULL, 'android', NULL),
(2324, 42, NULL, '2024-06-21 01:50:51', 'page_view', 'user is view home page', NULL, NULL, NULL, 0, NULL, 'android', NULL),
(2325, 42, NULL, '2024-06-21 01:59:29', 'page_view', 'user is view home page', NULL, NULL, NULL, 0, NULL, 'android', NULL),
(2326, 42, NULL, '2024-06-21 02:01:36', 'page_view', 'user is view home page', NULL, NULL, NULL, 0, NULL, 'android', NULL),
(2327, 42, NULL, '2024-06-21 02:02:34', 'page_view', 'user is view home page', NULL, NULL, NULL, 0, NULL, 'android', NULL),
(2328, 42, NULL, '2024-06-21 02:07:09', 'page_view', 'user is view home page', NULL, NULL, NULL, 0, NULL, 'android', NULL),
(2329, 42, NULL, '2024-06-21 04:27:20', 'page_view', 'user is view home page', NULL, NULL, NULL, 0, NULL, 'android', NULL),
(2330, 42, NULL, '2024-06-21 04:39:39', 'page_view', 'user is view home page', NULL, NULL, NULL, 0, NULL, 'android', NULL),
(2331, 42, NULL, '2024-06-21 04:46:35', 'page_view', 'user is view home page', NULL, NULL, NULL, 0, NULL, 'android', NULL),
(2332, 42, NULL, '2024-06-21 05:20:22', 'page_view', 'user is view home page', NULL, NULL, NULL, 0, NULL, 'android', NULL),
(2333, 42, NULL, '2024-06-21 05:25:26', 'page_view', 'user is view home page', NULL, NULL, NULL, 0, NULL, 'android', NULL),
(2334, 42, NULL, '2024-06-21 05:29:08', 'page_view', 'user is view home page', NULL, NULL, NULL, 0, NULL, 'android', NULL),
(2335, 42, NULL, '2024-06-21 05:30:41', 'page_view', 'user is view home page', NULL, NULL, NULL, 0, NULL, 'android', NULL),
(2336, 42, NULL, '2024-06-21 05:33:32', 'page_view', 'user is view home page', NULL, NULL, NULL, 0, NULL, 'android', NULL),
(2337, 42, NULL, '2024-06-21 05:35:26', 'page_view', 'user is view home page', NULL, NULL, NULL, 0, NULL, 'android', NULL),
(2338, 57, NULL, '2024-06-21 05:54:56', 'page_view', 'user is view home page', NULL, NULL, NULL, 0, NULL, 'android', NULL),
(2339, 70, NULL, '2024-06-21 08:40:13', 'page_view', 'user is view home page', NULL, NULL, NULL, 0, NULL, 'android', NULL),
(2340, 42, NULL, '2024-06-21 08:41:16', 'page_view', 'user is view home page', NULL, NULL, NULL, 0, NULL, 'android', NULL),
(2341, 42, NULL, '2024-06-21 08:41:38', 'page_view', 'user is view home page', NULL, NULL, NULL, 0, NULL, 'android', NULL),
(2342, 70, NULL, '2024-06-21 08:45:09', 'page_view', 'user is view home page', NULL, NULL, NULL, 0, NULL, 'android', NULL),
(2343, 70, NULL, '2024-06-21 08:45:53', 'page_view', 'user is view home page', NULL, NULL, NULL, 0, NULL, 'android', NULL),
(2344, 42, NULL, '2024-06-21 08:46:01', 'page_view', 'user is view home page', NULL, NULL, NULL, 0, NULL, 'android', NULL),
(2345, 70, NULL, '2024-06-21 08:46:36', 'account_crud', 'user is changed image', NULL, NULL, NULL, 0, NULL, 'android', NULL),
(2346, 42, NULL, '2024-06-21 09:22:37', 'page_view', 'user is view home page', NULL, NULL, NULL, 0, NULL, 'android', NULL),
(2347, 42, NULL, '2024-06-21 09:22:59', 'page_view', 'user is view home page', NULL, NULL, NULL, 0, NULL, 'android', NULL),
(2348, 58, NULL, '2024-06-21 10:17:22', 'page_view', 'user is view home page', NULL, NULL, NULL, 0, NULL, 'android', NULL),
(2349, 42, NULL, '2024-06-21 10:27:43', 'page_view', 'user is view home page', NULL, NULL, NULL, 0, NULL, 'android', NULL),
(2350, 42, NULL, '2024-06-21 11:37:28', 'page_view', 'user is view home page', NULL, NULL, NULL, 0, NULL, 'android', NULL),
(2351, 42, NULL, '2024-06-21 11:37:44', 'page_view', 'user is view home page', NULL, NULL, NULL, 0, NULL, 'android', NULL),
(2352, 58, NULL, '2024-06-21 11:40:48', 'page_view', 'user is view home page', NULL, NULL, NULL, 0, NULL, 'android', NULL),
(2353, 58, NULL, '2024-06-21 11:40:54', 'page_view', 'user is view home page', NULL, NULL, NULL, 0, NULL, 'android', NULL),
(2354, 42, NULL, '2024-06-21 13:54:20', 'page_view', 'user is view home page', NULL, NULL, NULL, 0, NULL, 'android', NULL),
(2355, 42, NULL, '2024-06-21 14:04:35', 'page_view', 'user is view home page', NULL, NULL, NULL, 0, NULL, 'android', NULL),
(2356, 42, NULL, '2024-06-21 15:34:52', 'page_view', 'user is view home page', NULL, NULL, NULL, 0, NULL, 'android', NULL),
(2357, 42, NULL, '2024-06-21 15:36:18', 'page_view', 'user is view home page', NULL, NULL, NULL, 0, NULL, 'android', NULL),
(2358, 42, NULL, '2024-06-21 15:36:58', 'page_view', 'user is view home page', NULL, NULL, NULL, 0, NULL, 'android', NULL),
(2359, 42, NULL, '2024-06-21 15:37:00', 'page_view', 'user is view home page', NULL, NULL, NULL, 0, NULL, 'android', NULL),
(2360, 42, NULL, '2024-06-21 15:38:49', 'page_view', 'user is view home page', NULL, NULL, NULL, 0, NULL, 'android', NULL),
(2361, 42, NULL, '2024-06-21 15:39:03', 'page_view', 'user is view home page', NULL, NULL, NULL, 0, NULL, 'android', NULL),
(2362, 42, NULL, '2024-06-21 15:40:38', 'account_crud', 'user is changed image', NULL, NULL, NULL, 0, NULL, 'android', NULL),
(2363, 42, NULL, '2024-06-21 15:46:48', 'page_view', 'user is view home page', NULL, NULL, NULL, 0, NULL, 'android', NULL),
(2364, 42, NULL, '2024-06-21 17:01:11', 'page_view', 'user is view home page', NULL, NULL, NULL, 0, NULL, 'android', NULL),
(2365, 58, NULL, '2024-06-21 17:04:13', 'page_view', 'user is view home page', NULL, NULL, NULL, 0, NULL, 'android', NULL),
(2367, 42, NULL, '2024-06-21 17:09:11', 'page_view', 'user is view home page', NULL, NULL, NULL, 0, NULL, 'android', NULL),
(2368, 42, NULL, '2024-06-22 01:22:11', 'page_view', 'user is view home page', NULL, NULL, NULL, 0, NULL, 'android', NULL),
(2369, 42, NULL, '2024-06-22 01:22:25', 'page_view', 'user is view home page', NULL, NULL, NULL, 0, NULL, 'android', NULL),
(2370, 42, NULL, '2024-06-22 02:40:39', 'page_view', 'user is view home page', NULL, NULL, NULL, 0, NULL, 'android', NULL),
(2371, 42, NULL, '2024-06-22 04:22:48', 'page_view', 'user is view home page', NULL, NULL, NULL, 0, NULL, 'android', NULL),
(2372, 76, NULL, '2024-06-22 04:39:54', 'page_view', 'user is view home page', NULL, NULL, NULL, 0, NULL, 'android', NULL),
(2373, 76, NULL, '2024-06-22 04:41:08', 'account_crud', 'user is changed image', NULL, NULL, NULL, 0, NULL, 'android', NULL),
(2378, 42, NULL, '2024-06-22 05:52:34', 'page_view', 'user is view home page', NULL, NULL, NULL, 0, NULL, 'android', NULL),
(2379, 42, NULL, '2024-06-22 07:10:49', 'page_view', 'user is view home page', NULL, NULL, NULL, 0, NULL, 'android', NULL),
(2381, 42, NULL, '2024-06-22 08:30:33', 'page_view', 'user is view home page', NULL, NULL, NULL, 0, NULL, 'android', NULL),
(2382, 42, NULL, '2024-06-22 09:18:15', 'page_view', 'user is view home page', NULL, NULL, NULL, 0, NULL, 'android', NULL),
(2383, 42, NULL, '2024-06-22 09:21:51', 'page_view', 'user is view home page', NULL, NULL, NULL, 0, NULL, 'android', NULL),
(2385, 42, NULL, '2024-06-22 09:23:37', 'page_view', 'user is view home page', NULL, NULL, NULL, 0, NULL, 'android', NULL),
(2387, 74, NULL, '2024-06-22 10:38:56', 'page_view', 'user is view home page', NULL, NULL, NULL, 0, NULL, 'android', NULL),
(2388, 74, NULL, '2024-06-22 10:40:49', 'page_view', 'user is view home page', NULL, NULL, NULL, 0, NULL, 'android', NULL),
(2389, 74, NULL, '2024-06-22 10:40:54', 'page_view', 'user is view home page', NULL, NULL, NULL, 0, NULL, 'android', NULL),
(2390, 42, NULL, '2024-06-22 13:28:24', 'page_view', 'user is view home page', NULL, NULL, NULL, 0, NULL, 'android', NULL),
(2392, 42, NULL, '2024-06-22 14:37:01', 'page_view', 'user is view home page', NULL, NULL, NULL, 0, NULL, 'android', NULL),
(2394, 42, NULL, '2024-06-22 14:45:12', 'page_view', 'user is view home page', NULL, NULL, NULL, 0, NULL, 'android', NULL),
(2395, 42, NULL, '2024-06-22 14:47:23', 'page_view', 'user is view home page', NULL, NULL, NULL, 0, NULL, 'android', NULL),
(2396, 42, NULL, '2024-06-22 14:49:39', 'page_view', 'user is view home page', NULL, NULL, NULL, 0, NULL, 'android', NULL),
(2397, 42, NULL, '2024-06-22 14:55:52', 'page_view', 'user is view home page', NULL, NULL, NULL, 0, NULL, 'android', NULL),
(2399, 42, NULL, '2024-06-22 15:23:54', 'page_view', 'user is view home page', NULL, NULL, NULL, 0, NULL, 'android', NULL),
(2400, 42, NULL, '2024-06-22 16:54:34', 'page_view', 'user is view home page', NULL, NULL, NULL, 0, NULL, 'android', NULL),
(2401, 57, NULL, '2024-06-22 21:46:00', 'page_view', 'user is view home page', NULL, NULL, NULL, 0, NULL, 'android', NULL),
(2402, 57, NULL, '2024-06-22 21:46:40', 'page_view', 'user is view home page', NULL, NULL, NULL, 0, NULL, 'android', NULL),
(2404, 42, NULL, '2024-06-23 00:35:04', 'page_view', 'user is view home page', NULL, NULL, NULL, 0, NULL, 'android', NULL),
(2405, 42, NULL, '2024-06-23 00:44:09', 'page_view', 'user is view home page', NULL, NULL, NULL, 0, NULL, 'android', NULL),
(2406, 42, NULL, '2024-06-23 01:01:32', 'page_view', 'user is view home page', NULL, NULL, NULL, 0, NULL, 'android', NULL),
(2407, 42, NULL, '2024-06-23 01:05:33', 'page_view', 'user is view home page', NULL, NULL, NULL, 0, NULL, 'android', NULL),
(2408, 57, NULL, '2024-06-23 01:12:37', 'page_view', 'user is view home page', NULL, NULL, NULL, 0, NULL, 'android', NULL),
(2409, 57, NULL, '2024-06-23 01:13:50', 'account_crud', 'user is changed image', NULL, NULL, NULL, 0, NULL, 'android', NULL),
(2410, 42, NULL, '2024-06-23 01:31:29', 'page_view', 'user is view home page', NULL, NULL, NULL, 0, NULL, 'android', NULL),
(2411, 42, NULL, '2024-06-23 03:42:04', 'page_view', 'user is view home page', NULL, NULL, NULL, 0, NULL, 'android', NULL),
(2412, 42, NULL, '2024-06-23 03:48:33', 'page_view', 'user is view home page', NULL, NULL, NULL, 0, NULL, 'android', NULL),
(2414, 57, NULL, '2024-06-23 03:52:12', 'page_view', 'user is view home page', NULL, NULL, NULL, 0, NULL, 'android', NULL),
(2415, 42, NULL, '2024-06-23 04:25:19', 'page_view', 'user is view home page', NULL, NULL, NULL, 0, NULL, 'android', NULL),
(2419, 42, NULL, '2024-06-23 04:52:08', 'page_view', 'user is view home page', NULL, NULL, NULL, 0, NULL, 'android', NULL),
(2420, 42, NULL, '2024-06-23 04:54:53', 'page_view', 'user is view home page', NULL, NULL, NULL, 0, NULL, 'android', NULL),
(2421, 42, NULL, '2024-06-23 06:35:18', 'page_view', 'user is view home page', NULL, NULL, NULL, 0, NULL, 'android', NULL),
(2422, 42, NULL, '2024-06-23 06:41:41', 'page_view', 'user is view home page', NULL, NULL, NULL, 0, NULL, 'android', NULL),
(2423, 42, NULL, '2024-06-23 06:42:00', 'page_view', 'user is view home page', NULL, NULL, NULL, 0, NULL, 'android', NULL),
(2424, 42, NULL, '2024-06-23 09:30:10', 'page_view', 'user is view home page', NULL, NULL, NULL, 0, NULL, 'android', NULL),
(2425, 42, NULL, '2024-06-23 09:31:46', 'page_view', 'user is view home page', NULL, NULL, NULL, 0, NULL, 'android', NULL),
(2426, 42, NULL, '2024-06-23 09:34:05', 'page_view', 'user is view home page', NULL, NULL, NULL, 0, NULL, 'android', NULL),
(2427, 42, NULL, '2024-06-23 09:36:59', 'page_view', 'user is view home page', NULL, NULL, NULL, 0, NULL, 'android', NULL),
(2428, 42, NULL, '2024-06-23 09:44:30', 'page_view', 'user is view home page', NULL, NULL, NULL, 0, NULL, 'android', NULL),
(2429, 42, NULL, '2024-06-23 09:45:22', 'page_view', 'user is view home page', NULL, NULL, NULL, 0, NULL, 'android', NULL),
(2430, 42, NULL, '2024-06-23 09:47:12', 'page_view', 'user is view home page', NULL, NULL, NULL, 0, NULL, 'android', NULL),
(2431, 42, NULL, '2024-06-23 09:50:33', 'page_view', 'user is view home page', NULL, NULL, NULL, 0, NULL, 'android', NULL),
(2432, 42, NULL, '2024-06-23 09:51:05', 'page_view', 'user is view home page', NULL, NULL, NULL, 0, NULL, 'android', NULL),
(2433, 42, NULL, '2024-06-23 09:51:21', 'page_view', 'user is view home page', NULL, NULL, NULL, 0, NULL, 'android', NULL),
(2434, 42, NULL, '2024-06-23 09:51:46', 'page_view', 'user is view home page', NULL, NULL, NULL, 0, NULL, 'android', NULL),
(2435, 42, NULL, '2024-06-23 09:52:52', 'page_view', 'user is view home page', NULL, NULL, NULL, 0, NULL, 'android', NULL),
(2436, 42, NULL, '2024-06-23 09:55:03', 'page_view', 'user is view home page', NULL, NULL, NULL, 0, NULL, 'android', NULL),
(2437, 42, NULL, '2024-06-23 09:55:42', 'page_view', 'user is view home page', NULL, NULL, NULL, 0, NULL, 'android', NULL),
(2438, 42, NULL, '2024-06-23 09:58:49', 'page_view', 'user is view home page', NULL, NULL, NULL, 0, NULL, 'android', NULL),
(2439, 42, NULL, '2024-06-23 10:00:29', 'page_view', 'user is view home page', NULL, NULL, NULL, 0, NULL, 'android', NULL),
(2440, 42, NULL, '2024-06-23 10:01:41', 'page_view', 'user is view home page', NULL, NULL, NULL, 0, NULL, 'android', NULL),
(2441, 42, NULL, '2024-06-23 11:47:31', 'page_view', 'user is view home page', NULL, NULL, NULL, 0, NULL, 'android', NULL),
(2442, 42, NULL, '2024-06-23 11:47:42', 'page_view', 'user is view home page', NULL, NULL, NULL, 0, NULL, 'android', NULL),
(2443, 42, NULL, '2024-06-23 11:49:35', 'page_view', 'user is view home page', NULL, NULL, NULL, 0, NULL, 'android', NULL),
(2444, 42, NULL, '2024-06-23 11:51:09', 'page_view', 'user is view home page', NULL, NULL, NULL, 0, NULL, 'android', NULL),
(2445, 42, NULL, '2024-06-23 11:55:46', 'page_view', 'user is view home page', NULL, NULL, NULL, 0, NULL, 'android', NULL),
(2446, 42, NULL, '2024-06-23 11:55:55', 'page_view', 'user is view home page', NULL, NULL, NULL, 0, NULL, 'android', NULL),
(2447, 57, NULL, '2024-06-23 12:08:44', 'page_view', 'user is view home page', NULL, NULL, NULL, 0, NULL, 'android', NULL),
(2448, 42, NULL, '2024-06-23 12:10:23', 'page_view', 'user is view home page', NULL, NULL, NULL, 0, NULL, 'android', NULL),
(2449, 42, NULL, '2024-06-23 12:11:28', 'page_view', 'user is view home page', NULL, NULL, NULL, 0, NULL, 'android', NULL),
(2450, 42, NULL, '2024-06-23 12:11:40', 'page_view', 'user is view home page', NULL, NULL, NULL, 0, NULL, 'android', NULL),
(2451, 42, NULL, '2024-06-23 12:25:41', 'page_view', 'user is view home page', NULL, NULL, NULL, 0, NULL, 'android', NULL),
(2452, 42, NULL, '2024-06-23 13:08:43', 'page_view', 'user is view home page', NULL, NULL, NULL, 0, NULL, 'android', NULL),
(2453, 42, NULL, '2024-06-23 14:00:16', 'page_view', 'user is view home page', NULL, NULL, NULL, 0, NULL, 'android', NULL),
(2454, 42, NULL, '2024-06-23 14:14:23', 'page_view', 'user is view home page', NULL, NULL, NULL, 0, NULL, 'android', NULL),
(2455, 80, NULL, '2024-06-23 14:16:07', 'page_view', 'user is view home page', NULL, NULL, NULL, 0, NULL, 'android', NULL),
(2456, 80, NULL, '2024-06-23 14:16:12', 'page_view', 'user is view home page', NULL, NULL, NULL, 0, NULL, 'android', NULL),
(2457, 80, NULL, '2024-06-23 14:16:16', 'page_view', 'user is view home page', NULL, NULL, NULL, 0, NULL, 'android', NULL),
(2458, 80, NULL, '2024-06-23 14:16:18', 'page_view', 'user is view home page', NULL, NULL, NULL, 0, NULL, 'android', NULL),
(2459, 80, NULL, '2024-06-23 14:16:20', 'page_view', 'user is view home page', NULL, NULL, NULL, 0, NULL, 'android', NULL),
(2460, 42, NULL, '2024-06-23 14:16:40', 'page_view', 'user is view home page', NULL, NULL, NULL, 0, NULL, 'android', NULL),
(2461, 80, NULL, '2024-06-23 14:17:04', 'page_view', 'user is view home page', NULL, NULL, NULL, 0, NULL, 'android', NULL),
(2462, 80, NULL, '2024-06-23 14:17:05', 'page_view', 'user is view home page', NULL, NULL, NULL, 0, NULL, 'android', NULL),
(2463, 42, NULL, '2024-06-23 14:17:40', 'page_view', 'user is view home page', NULL, NULL, NULL, 0, NULL, 'android', NULL),
(2464, 42, NULL, '2024-06-23 14:17:41', 'page_view', 'user is view home page', NULL, NULL, NULL, 0, NULL, 'android', NULL),
(2465, 42, NULL, '2024-06-23 14:17:42', 'page_view', 'user is view home page', NULL, NULL, NULL, 0, NULL, 'android', NULL),
(2466, 80, NULL, '2024-06-23 14:18:15', 'page_view', 'user is view home page', NULL, NULL, NULL, 0, NULL, 'android', NULL),
(2467, 80, NULL, '2024-06-23 14:18:53', 'page_view', 'user is view home page', NULL, NULL, NULL, 0, NULL, 'android', NULL),
(2468, 42, NULL, '2024-06-23 14:30:28', 'page_view', 'user is view home page', NULL, NULL, NULL, 0, NULL, 'android', NULL),
(2469, 80, NULL, '2024-06-23 14:35:52', 'page_view', 'user is view home page', NULL, NULL, NULL, 0, NULL, 'android', NULL),
(2470, 80, NULL, '2024-06-23 14:36:47', 'page_view', 'user is view home page', NULL, NULL, NULL, 0, NULL, 'android', NULL),
(2471, 42, NULL, '2024-06-23 14:38:46', 'page_view', 'user is view home page', NULL, NULL, NULL, 0, NULL, 'android', NULL),
(2472, 42, NULL, '2024-06-23 14:39:18', 'page_view', 'user is view home page', NULL, NULL, NULL, 0, NULL, 'android', NULL),
(2473, 42, NULL, '2024-06-23 14:39:36', 'page_view', 'user is view home page', NULL, NULL, NULL, 0, NULL, 'android', NULL),
(2475, 80, NULL, '2024-06-24 03:16:13', 'page_view', 'user is view home page', NULL, NULL, NULL, 0, NULL, 'android', NULL),
(2476, 80, NULL, '2024-06-24 03:16:20', 'page_view', 'user is view home page', NULL, NULL, NULL, 0, NULL, 'android', NULL),
(2477, 80, NULL, '2024-06-24 03:42:28', 'page_view', 'user is view home page', NULL, NULL, NULL, 0, NULL, 'android', NULL),
(2478, 80, NULL, '2024-06-24 03:48:23', 'page_view', 'user is view home page', NULL, NULL, NULL, 0, NULL, 'android', NULL),
(2480, 45, NULL, '2024-06-24 12:51:25', 'account_crud', 'user is deleted', NULL, NULL, NULL, 0, NULL, 'android', NULL),
(2481, 80, NULL, '2024-06-24 12:52:13', 'page_view', 'user is view home page', NULL, NULL, NULL, 0, NULL, 'android', NULL),
(2482, 80, NULL, '2024-06-24 12:53:12', 'page_view', 'user is view home page', NULL, NULL, NULL, 0, NULL, 'android', NULL),
(2483, 80, NULL, '2024-06-24 14:19:35', 'page_view', 'user is view home page', NULL, NULL, NULL, 0, NULL, 'android', NULL),
(2484, 42, NULL, '2024-06-25 04:05:58', 'page_view', 'user is view home page', NULL, NULL, NULL, 0, NULL, 'android', NULL),
(2485, 42, NULL, '2024-06-25 04:06:05', 'page_view', 'user is view home page', NULL, NULL, NULL, 0, NULL, 'android', NULL),
(2486, 62, NULL, '2024-06-25 12:18:07', 'page_view', 'user is view home page', NULL, NULL, NULL, 0, NULL, 'android', NULL),
(2487, 62, NULL, '2024-06-25 12:18:16', 'page_view', 'user is view home page', NULL, NULL, NULL, 0, NULL, 'android', NULL),
(2488, 62, NULL, '2024-06-25 12:19:21', 'page_view', 'user is view home page', NULL, NULL, NULL, 0, NULL, 'android', NULL),
(2489, 62, NULL, '2024-06-25 12:26:10', 'page_view', 'user is view home page', NULL, NULL, NULL, 0, NULL, 'android', NULL),
(2490, 62, NULL, '2024-06-25 12:30:37', 'page_view', 'user is view home page', NULL, NULL, NULL, 0, NULL, 'android', NULL),
(2491, 62, NULL, '2024-06-25 12:31:41', 'page_view', 'user is view home page', NULL, NULL, NULL, 0, NULL, 'android', NULL),
(2492, 62, NULL, '2024-06-25 12:31:42', 'page_view', 'user is view home page', NULL, NULL, NULL, 0, NULL, 'android', NULL),
(2493, 62, NULL, '2024-06-25 12:32:09', 'page_view', 'user is view home page', NULL, NULL, NULL, 0, NULL, 'android', NULL),
(2494, 62, NULL, '2024-06-25 12:33:52', 'page_view', 'user is view home page', NULL, NULL, NULL, 0, NULL, 'android', NULL),
(2495, 62, NULL, '2024-06-25 12:35:12', 'page_view', 'user is view home page', NULL, NULL, NULL, 0, NULL, 'android', NULL),
(2496, 62, NULL, '2024-06-25 12:37:22', 'page_view', 'user is view home page', NULL, NULL, NULL, 0, NULL, 'android', NULL),
(2497, 62, NULL, '2024-06-25 12:37:23', 'page_view', 'user is view home page', NULL, NULL, NULL, 0, NULL, 'android', NULL),
(2498, 42, NULL, '2024-06-25 13:03:38', 'page_view', 'user is view home page', NULL, NULL, NULL, 0, NULL, 'android', NULL),
(2499, 80, NULL, '2024-06-25 13:34:56', 'page_view', 'user is view home page', NULL, NULL, NULL, 0, NULL, 'android', NULL),
(2500, 80, NULL, '2024-06-25 13:59:08', 'page_view', 'user is view home page', NULL, NULL, NULL, 0, NULL, 'android', NULL),
(2501, 42, NULL, '2024-06-25 14:06:11', 'page_view', 'user is view home page', NULL, NULL, NULL, 0, NULL, 'android', NULL),
(2502, 80, NULL, '2024-06-25 14:09:04', 'page_view', 'user is view home page', NULL, NULL, NULL, 0, NULL, 'android', NULL),
(2503, 42, NULL, '2024-06-25 14:12:39', 'page_view', 'user is view home page', NULL, NULL, NULL, 0, NULL, 'android', NULL),
(2504, 42, NULL, '2024-06-25 14:13:01', 'page_view', 'user is view home page', NULL, NULL, NULL, 0, NULL, 'android', NULL),
(2505, 80, NULL, '2024-06-25 14:14:21', 'page_view', 'user is view home page', NULL, NULL, NULL, 0, NULL, 'android', NULL),
(2506, 42, NULL, '2024-06-25 14:14:27', 'page_view', 'user is view home page', NULL, NULL, NULL, 0, NULL, 'android', NULL),
(2507, 62, NULL, '2024-06-25 18:40:35', 'page_view', 'user is view home page', NULL, NULL, NULL, 0, NULL, 'android', NULL),
(2508, 62, NULL, '2024-06-26 03:34:36', 'page_view', 'user is view home page', NULL, NULL, NULL, 0, NULL, 'android', NULL),
(2509, 74, NULL, '2024-06-26 05:02:37', 'page_view', 'user is view home page', NULL, NULL, NULL, 0, NULL, 'android', NULL),
(2510, 80, NULL, '2024-06-26 07:05:19', 'page_view', 'user is view home page', NULL, NULL, NULL, 0, NULL, 'android', NULL),
(2511, 42, NULL, '2024-06-26 07:06:40', 'page_view', 'user is view home page', NULL, NULL, NULL, 0, NULL, 'android', NULL),
(2512, 57, NULL, '2024-06-26 08:19:23', 'page_view', 'user is view home page', NULL, NULL, NULL, 0, NULL, 'android', NULL),
(2513, 62, NULL, '2024-06-26 12:25:37', 'page_view', 'user is view home page', NULL, NULL, NULL, 0, NULL, 'android', NULL),
(2514, 76, NULL, '2024-06-26 13:37:26', 'page_view', 'user is view home page', NULL, NULL, NULL, 0, NULL, 'android', NULL),
(2515, 42, NULL, '2024-06-26 13:48:26', 'page_view', 'user is view home page', NULL, NULL, NULL, 0, NULL, 'android', NULL),
(2516, 42, NULL, '2024-06-26 13:48:56', 'page_view', 'user is view home page', NULL, NULL, NULL, 0, NULL, 'android', NULL),
(2517, 76, NULL, '2024-06-26 13:52:19', 'page_view', 'user is view home page', NULL, NULL, NULL, 0, NULL, 'android', NULL),
(2518, 42, NULL, '2024-06-26 13:54:30', 'page_view', 'user is view home page', NULL, NULL, NULL, 0, NULL, 'android', NULL),
(2519, 57, NULL, '2024-06-26 13:55:28', 'page_view', 'user is view home page', NULL, NULL, NULL, 0, NULL, 'android', NULL),
(2520, 57, NULL, '2024-06-26 13:57:23', 'account_crud', 'user is changed image', NULL, NULL, NULL, 0, NULL, 'android', NULL),
(2521, 80, NULL, '2024-06-27 01:55:55', 'page_view', 'user is view home page', NULL, NULL, NULL, 0, NULL, 'android', NULL),
(2522, 80, NULL, '2024-06-27 02:25:53', 'page_view', 'user is view home page', NULL, NULL, NULL, 0, NULL, 'android', NULL),
(2523, 42, NULL, '2024-06-27 02:47:19', 'page_view', 'user is view home page', NULL, NULL, NULL, 0, NULL, 'android', NULL),
(2524, 42, NULL, '2024-06-27 02:47:26', 'page_view', 'user is view home page', NULL, NULL, NULL, 0, NULL, 'android', NULL),
(2525, 42, NULL, '2024-06-27 02:54:08', 'page_view', 'user is view home page', NULL, NULL, NULL, 0, NULL, 'android', NULL),
(2526, 42, NULL, '2024-06-28 04:16:05', 'page_view', 'user is view home page', NULL, NULL, NULL, 0, NULL, 'android', NULL),
(2527, 42, NULL, '2024-06-28 04:16:45', 'page_view', 'user is view home page', NULL, NULL, NULL, 0, NULL, 'android', NULL),
(2528, 58, NULL, '2024-07-01 03:35:54', 'page_view', 'user is view home page', NULL, NULL, NULL, 0, NULL, 'android', NULL);

-- --------------------------------------------------------

--
-- Table structure for table `user_devices`
--

CREATE TABLE `user_devices` (
  `device_id` int(11) NOT NULL,
  `user_id` int(11) NOT NULL,
  `device_token` varchar(255) NOT NULL,
  `device_platform` enum('android','web') NOT NULL,
  `device_platform_version` varchar(30) DEFAULT NULL COMMENT 'The version of the platform (e.g., iOS 14, Android 12).',
  `device_model` varchar(30) DEFAULT NULL COMMENT 'Information about the specific device model (e.g., iPhone 12, Samsung Galaxy S21).'
) ENGINE=InnoDB DEFAULT CHARSET=utf8mb3 COLLATE=utf8mb3_general_ci;

-- --------------------------------------------------------

--
-- Table structure for table `verification_codes`
--

CREATE TABLE `verification_codes` (
  `verification_id` int(11) NOT NULL,
  `verification_user` int(11) NOT NULL,
  `verification_code` varchar(6) NOT NULL,
  `verification_type` enum('forgot_password','create_email') NOT NULL,
  `verification_created_at` datetime NOT NULL DEFAULT current_timestamp()
) ENGINE=InnoDB DEFAULT CHARSET=utf8mb3 COLLATE=utf8mb3_general_ci;

--
-- Dumping data for table `verification_codes`
--

INSERT INTO `verification_codes` (`verification_id`, `verification_user`, `verification_code`, `verification_type`, `verification_created_at`) VALUES
(23, 51, '453121', 'create_email', '2024-03-21 16:23:27'),
(24, 52, '431541', 'create_email', '2024-03-21 16:24:15'),
(26, 54, '596884', 'create_email', '2024-03-21 16:56:00'),
(27, 55, '664859', 'create_email', '2024-03-21 16:56:21'),
(33, 63, '535493', 'create_email', '2024-04-23 16:27:18'),
(34, 64, '129906', 'create_email', '2024-04-23 16:28:56'),
(46, 68, '925319', 'forgot_password', '2024-05-19 15:45:54'),
(50, 71, '267894', 'create_email', '2024-06-21 19:02:02'),
(52, 72, '979530', 'create_email', '2024-06-21 19:06:02'),
(53, 73, '462567', 'create_email', '2024-06-21 19:06:46'),
(59, 75, '940059', 'create_email', '2024-06-22 02:25:26'),
(70, 78, '261252', 'create_email', '2024-06-22 14:24:58'),
(72, 42, '415997', 'create_email', '2024-06-22 14:35:20'),
(74, 79, '352666', 'create_email', '2024-06-22 14:42:13'),
(77, 65, '453050', 'forgot_password', '2024-06-23 01:28:38');

--
-- Indexes for dumped tables
--

--
-- Indexes for table `admins`
--
ALTER TABLE `admins`
  ADD PRIMARY KEY (`a_id`),
  ADD UNIQUE KEY `a_email` (`a_email`);

--
-- Indexes for table `app_features`
--
ALTER TABLE `app_features`
  ADD PRIMARY KEY (`feature_id`);

--
-- Indexes for table `app_info`
--
ALTER TABLE `app_info`
  ADD PRIMARY KEY (`app_id`);

--
-- Indexes for table `app_users`
--
ALTER TABLE `app_users`
  ADD PRIMARY KEY (`user_id`),
  ADD UNIQUE KEY `user_email` (`user_email`);

--
-- Indexes for table `business_profiles`
--
ALTER TABLE `business_profiles`
  ADD PRIMARY KEY (`business_user_id`);

--
-- Indexes for table `business_users`
--
ALTER TABLE `business_users`
  ADD PRIMARY KEY (`business_id`,`user_id`),
  ADD KEY `user_id` (`user_id`);

--
-- Indexes for table `group_activity`
--
ALTER TABLE `group_activity`
  ADD PRIMARY KEY (`activity_id`),
  ADD KEY `activity_direction_id` (`activity_direction_id`),
  ADD KEY `activity_reply_on` (`activity_reply_on`);

--
-- Indexes for table `group_activity_direction`
--
ALTER TABLE `group_activity_direction`
  ADD PRIMARY KEY (`direction_id`),
  ADD UNIQUE KEY `group_id` (`group_id`,`direction_address`,`inside_direction_id`) USING BTREE,
  ADD KEY `direction_in_direction_id` (`inside_direction_id`);

--
-- Indexes for table `group_activity_seen`
--
ALTER TABLE `group_activity_seen`
  ADD PRIMARY KEY (`activity_id`,`member_id`),
  ADD KEY `group_activity_seen_ibfk_2` (`member_id`);

--
-- Indexes for table `group_deails`
--
ALTER TABLE `group_deails`
  ADD PRIMARY KEY (`group_id`),
  ADD KEY `group_deails_ibfk_1` (`group_owner_id`);

--
-- Indexes for table `group_members`
--
ALTER TABLE `group_members`
  ADD PRIMARY KEY (`group_id`,`member_id`),
  ADD KEY `member_id` (`member_id`);

--
-- Indexes for table `help_and_support`
--
ALTER TABLE `help_and_support`
  ADD PRIMARY KEY (`ticket_id`),
  ADD KEY `user_id` (`user_id`);

--
-- Indexes for table `payment_plans`
--
ALTER TABLE `payment_plans`
  ADD PRIMARY KEY (`plan_id`),
  ADD UNIQUE KEY `plan_name` (`plan_name`);

--
-- Indexes for table `payment_plan_time`
--
ALTER TABLE `payment_plan_time`
  ADD PRIMARY KEY (`plan_time_id`),
  ADD UNIQUE KEY `plan_id` (`plan_id`,`plan_time in months`);

--
-- Indexes for table `payment_purchase_data`
--
ALTER TABLE `payment_purchase_data`
  ADD PRIMARY KEY (`purchase_id`),
  ADD KEY `payment_purchase_data_ibfk_1` (`purchase_user_id`),
  ADD KEY `payment_purchase_data_ibfk_2` (`purchase_plan_time_id`);

--
-- Indexes for table `payment_user_plan`
--
ALTER TABLE `payment_user_plan`
  ADD PRIMARY KEY (`user_id`,`plan_time_id`),
  ADD UNIQUE KEY `user_id` (`user_id`),
  ADD UNIQUE KEY `purchase_data_id` (`purchase_data_id`),
  ADD KEY `plan_time_id` (`plan_time_id`);

--
-- Indexes for table `user_action_history`
--
ALTER TABLE `user_action_history`
  ADD PRIMARY KEY (`action_id`) USING BTREE,
  ADD KEY `user_id` (`user_id`),
  ADD KEY `device_id` (`device_id`);

--
-- Indexes for table `user_devices`
--
ALTER TABLE `user_devices`
  ADD PRIMARY KEY (`device_id`),
  ADD UNIQUE KEY `device_token` (`device_token`),
  ADD KEY `user_devices_ibfk_1` (`user_id`);

--
-- Indexes for table `verification_codes`
--
ALTER TABLE `verification_codes`
  ADD PRIMARY KEY (`verification_id`),
  ADD UNIQUE KEY `user_id` (`verification_user`);

--
-- AUTO_INCREMENT for dumped tables
--

--
-- AUTO_INCREMENT for table `admins`
--
ALTER TABLE `admins`
  MODIFY `a_id` int(11) NOT NULL AUTO_INCREMENT, AUTO_INCREMENT=8;

--
-- AUTO_INCREMENT for table `app_features`
--
ALTER TABLE `app_features`
  MODIFY `feature_id` int(11) NOT NULL AUTO_INCREMENT;

--
-- AUTO_INCREMENT for table `app_users`
--
ALTER TABLE `app_users`
  MODIFY `user_id` int(11) NOT NULL AUTO_INCREMENT, AUTO_INCREMENT=81;

--
-- AUTO_INCREMENT for table `group_activity`
--
ALTER TABLE `group_activity`
  MODIFY `activity_id` int(11) NOT NULL AUTO_INCREMENT, AUTO_INCREMENT=284;

--
-- AUTO_INCREMENT for table `group_activity_direction`
--
ALTER TABLE `group_activity_direction`
  MODIFY `direction_id` int(11) NOT NULL AUTO_INCREMENT, AUTO_INCREMENT=170;

--
-- AUTO_INCREMENT for table `group_deails`
--
ALTER TABLE `group_deails`
  MODIFY `group_id` int(11) NOT NULL AUTO_INCREMENT, AUTO_INCREMENT=31;

--
-- AUTO_INCREMENT for table `help_and_support`
--
ALTER TABLE `help_and_support`
  MODIFY `ticket_id` int(11) NOT NULL AUTO_INCREMENT, AUTO_INCREMENT=2;

--
-- AUTO_INCREMENT for table `payment_plans`
--
ALTER TABLE `payment_plans`
  MODIFY `plan_id` int(11) NOT NULL AUTO_INCREMENT, AUTO_INCREMENT=3;

--
-- AUTO_INCREMENT for table `payment_plan_time`
--
ALTER TABLE `payment_plan_time`
  MODIFY `plan_time_id` int(11) NOT NULL AUTO_INCREMENT, AUTO_INCREMENT=3;

--
-- AUTO_INCREMENT for table `payment_purchase_data`
--
ALTER TABLE `payment_purchase_data`
  MODIFY `purchase_id` int(11) NOT NULL AUTO_INCREMENT;

--
-- AUTO_INCREMENT for table `user_action_history`
--
ALTER TABLE `user_action_history`
  MODIFY `action_id` int(11) NOT NULL AUTO_INCREMENT, AUTO_INCREMENT=2529;

--
-- AUTO_INCREMENT for table `user_devices`
--
ALTER TABLE `user_devices`
  MODIFY `device_id` int(11) NOT NULL AUTO_INCREMENT, AUTO_INCREMENT=5;

--
-- AUTO_INCREMENT for table `verification_codes`
--
ALTER TABLE `verification_codes`
  MODIFY `verification_id` int(11) NOT NULL AUTO_INCREMENT, AUTO_INCREMENT=82;

--
-- Constraints for dumped tables
--

--
-- Constraints for table `business_profiles`
--
ALTER TABLE `business_profiles`
  ADD CONSTRAINT `business_profiles_ibfk_1` FOREIGN KEY (`business_user_id`) REFERENCES `app_users` (`user_id`) ON DELETE CASCADE;

--
-- Constraints for table `business_users`
--
ALTER TABLE `business_users`
  ADD CONSTRAINT `business_users_ibfk_1` FOREIGN KEY (`business_id`) REFERENCES `business_profiles` (`business_user_id`) ON DELETE CASCADE ON UPDATE CASCADE,
  ADD CONSTRAINT `business_users_ibfk_2` FOREIGN KEY (`user_id`) REFERENCES `app_users` (`user_id`) ON DELETE CASCADE ON UPDATE CASCADE;

--
-- Constraints for table `group_activity`
--
ALTER TABLE `group_activity`
  ADD CONSTRAINT `group_activity_ibfk_1` FOREIGN KEY (`activity_group_id`) REFERENCES `group_deails` (`group_id`) ON DELETE CASCADE ON UPDATE CASCADE,
  ADD CONSTRAINT `group_activity_ibfk_5` FOREIGN KEY (`activity_direction_id`) REFERENCES `group_activity_direction` (`direction_id`) ON DELETE CASCADE ON UPDATE CASCADE,
  ADD CONSTRAINT `group_activity_ibfk_6` FOREIGN KEY (`activity_reply_on`) REFERENCES `group_activity` (`activity_id`) ON DELETE SET NULL ON UPDATE CASCADE;

--
-- Constraints for table `group_activity_direction`
--
ALTER TABLE `group_activity_direction`
  ADD CONSTRAINT `group_activity_direction_ibfk_2` FOREIGN KEY (`inside_direction_id`) REFERENCES `group_activity_direction` (`direction_id`) ON DELETE CASCADE ON UPDATE CASCADE,
  ADD CONSTRAINT `group_activity_direction_ibfk_3` FOREIGN KEY (`group_id`) REFERENCES `group_deails` (`group_id`) ON DELETE CASCADE ON UPDATE CASCADE;

--
-- Constraints for table `group_activity_seen`
--
ALTER TABLE `group_activity_seen`
  ADD CONSTRAINT `group_activity_seen_ibfk_1` FOREIGN KEY (`activity_id`) REFERENCES `group_activity` (`activity_id`) ON DELETE CASCADE ON UPDATE CASCADE,
  ADD CONSTRAINT `group_activity_seen_ibfk_2` FOREIGN KEY (`member_id`) REFERENCES `group_members` (`member_id`) ON DELETE CASCADE ON UPDATE CASCADE;

--
-- Constraints for table `group_deails`
--
ALTER TABLE `group_deails`
  ADD CONSTRAINT `group_deails_ibfk_1` FOREIGN KEY (`group_owner_id`) REFERENCES `app_users` (`user_id`) ON DELETE NO ACTION ON UPDATE CASCADE;

--
-- Constraints for table `group_members`
--
ALTER TABLE `group_members`
  ADD CONSTRAINT `group_members_ibfk_1` FOREIGN KEY (`group_id`) REFERENCES `group_deails` (`group_id`) ON DELETE CASCADE ON UPDATE CASCADE,
  ADD CONSTRAINT `group_members_ibfk_2` FOREIGN KEY (`member_id`) REFERENCES `app_users` (`user_id`) ON DELETE CASCADE ON UPDATE CASCADE;

--
-- Constraints for table `help_and_support`
--
ALTER TABLE `help_and_support`
  ADD CONSTRAINT `help_and_support_ibfk_1` FOREIGN KEY (`user_id`) REFERENCES `app_users` (`user_id`) ON DELETE CASCADE ON UPDATE CASCADE;

--
-- Constraints for table `payment_plan_time`
--
ALTER TABLE `payment_plan_time`
  ADD CONSTRAINT `payment_plan_time_ibfk_1` FOREIGN KEY (`plan_id`) REFERENCES `payment_plans` (`plan_id`) ON DELETE CASCADE ON UPDATE CASCADE;

--
-- Constraints for table `payment_purchase_data`
--
ALTER TABLE `payment_purchase_data`
  ADD CONSTRAINT `payment_purchase_data_ibfk_2` FOREIGN KEY (`purchase_plan_time_id`) REFERENCES `payment_plan_time` (`plan_time_id`) ON DELETE CASCADE ON UPDATE CASCADE;

--
-- Constraints for table `payment_user_plan`
--
ALTER TABLE `payment_user_plan`
  ADD CONSTRAINT `payment_user_plan_ibfk_1` FOREIGN KEY (`user_id`) REFERENCES `app_users` (`user_id`) ON DELETE CASCADE ON UPDATE CASCADE,
  ADD CONSTRAINT `payment_user_plan_ibfk_2` FOREIGN KEY (`plan_time_id`) REFERENCES `payment_plan_time` (`plan_time_id`) ON DELETE CASCADE ON UPDATE CASCADE,
  ADD CONSTRAINT `payment_user_plan_ibfk_3` FOREIGN KEY (`purchase_data_id`) REFERENCES `payment_purchase_data` (`purchase_id`) ON DELETE NO ACTION ON UPDATE CASCADE;

--
-- Constraints for table `user_action_history`
--
ALTER TABLE `user_action_history`
  ADD CONSTRAINT `user_action_history_ibfk_1` FOREIGN KEY (`user_id`) REFERENCES `app_users` (`user_id`) ON DELETE NO ACTION ON UPDATE CASCADE,
  ADD CONSTRAINT `user_action_history_ibfk_2` FOREIGN KEY (`device_id`) REFERENCES `user_devices` (`device_id`) ON DELETE CASCADE ON UPDATE CASCADE;

--
-- Constraints for table `user_devices`
--
ALTER TABLE `user_devices`
  ADD CONSTRAINT `user_devices_ibfk_1` FOREIGN KEY (`user_id`) REFERENCES `app_users` (`user_id`) ON DELETE CASCADE ON UPDATE CASCADE;

--
-- Constraints for table `verification_codes`
--
ALTER TABLE `verification_codes`
  ADD CONSTRAINT `verification_codes_ibfk_1` FOREIGN KEY (`verification_user`) REFERENCES `app_users` (`user_id`) ON DELETE CASCADE ON UPDATE CASCADE;
COMMIT;

/*!40101 SET CHARACTER_SET_CLIENT=@OLD_CHARACTER_SET_CLIENT */;
/*!40101 SET CHARACTER_SET_RESULTS=@OLD_CHARACTER_SET_RESULTS */;
/*!40101 SET COLLATION_CONNECTION=@OLD_COLLATION_CONNECTION */;
